AccidentID,Latitude,Longitude,AreaName,RoadName,RoadType,NumberOfLanes,RoadWidth,SpeedLimit,Weather,Temperature,Humidity,Visibility,WindSpeed,RoadCondition,LightingCondition,TrafficDensity,AverageTrafficSpeed,HeavyVehiclePercentage,PedestrianDensity,NearbySchool,NearbyHospital,NearbyBusStop,NearbySignal,NearbyRailwayCrossing,Year,Month,DayOfWeek,Weekend,FestivalSeason,TimeOfDay,Hour,CurvePresent,DividerPresent,RoadShoulder,AccidentHistoryLast5Years,ConstructionZone,BlackSpotReported,AccidentRisk,AccidentSeverity,Hotspot
CHN202200001,13.04584,80.285402,Marina,Marina Beach Road,Arterial,4,16.1,60,Sunny,33.5,52.4,4780,13.4,Potholes,Dawn,High,19.1,5.5,58.0,No,No,No,Yes,No,2023,2,Thursday,No,Yes,Early Morning,5,Yes,No,No,4,No,No,Medium,Major,No
CHN202500002,13.052173,80.097338,Poonamallee,Poonamallee High Road,Service Road,1,6.7,20,Sunny,29.1,60.7,3994,14.2,Damaged,Daylight,Low,40.7,14.4,22.0,No,No,No,No,No,2023,7,Thursday,No,No,Afternoon,13,Yes,No,Yes,2,No,No,Low,Minor,No
CHN202200003,13.038734,80.158902,Porur,Mount Poonamallee Road,Arterial,4,11.3,40,Sunny,36.2,54.2,2483,11.5,Dry,Daylight,High,11.6,2.9,87.0,Yes,No,No,No,No,2023,6,Tuesday,No,No,Afternoon,14,No,No,Yes,4,No,No,Low,Minor,No
CHN202300004,13.039682,80.235031,T Nagar,Anna Salai,Arterial,4,15.2,40,Sunny,29.4,54.9,2989,6.9,Dry,NightWithLights,Medium,35.2,2.2,64.0,No,No,No,Yes,No,2024,4,Sunday,Yes,No,Night,19,No,Yes,Yes,3,No,No,Low,Minor,No
CHN202300005,13.031401,80.154455,Porur,Mount Poonamallee Road,Arterial,4,15.8,60,Sunny,38.2,49.6,2112,12.2,Dry,Daylight,Medium,31.8,,90.0,Yes,Yes,Yes,No,No,2023,10,Sunday,Yes,No,Morning,10,No,No,No,5,No,No,Low,Major,No
CHN202300006,13.005982,80.219067,Guindy,GST Road,Highway,8,16.0,80,Rainy,29.8,85.0,472,10.3,Wet,NightWithoutLights,High,13.9,9.0,59.0,No,No,No,Yes,No,2022,12,Monday,No,No,Night,20,No,Yes,Yes,3,No,No,High,Major,Yes
CHN202400007,12.940913,80.24507,Thoraipakkam,OMR,Highway,8,22.0,80,Rainy,24.1,77.2,1295,25.9,Wet,Daylight,Medium,27.6,18.0,63.0,No,No,Yes,Yes,No,2025,8,Sunday,Yes,No,Afternoon,13,Yes,Yes,No,4,No,No,Medium,Major,No
CHN202500008,13.037034,80.157329,Porur,Mount Poonamallee Road,Arterial,4,15.4,50,Sunny,34.0,62.5,4553,5.6,Dry,Dawn,Low,39.4,10.3,13.0,Yes,No,Yes,No,No,2022,8,Thursday,No,No,Early Morning,5,No,No,No,4,No,No,Low,Minor,No
CHN202200009,12.932973,80.236312,Thoraipakkam,OMR,Highway,4,17.7,80,Sunny,35.9,50.9,4846,16.9,Dry,NightWithLights,High,16.5,19.7,62.0,Yes,No,No,Yes,No,2025,11,Thursday,No,No,Night,20,No,Yes,No,8,No,Yes,Medium,Fatal,Yes
CHN202400010,13.032635,80.235317,T Nagar,Anna Salai,Junction,4,14.9,40,Drizzle,24.6,72.1,949,17.2,Wet,NightWithoutLights,Medium,27.7,5.1,,Yes,Yes,No,No,No,2024,5,Saturday,Yes,No,Late Night,2,No,No,No,9,No,Yes,High,Minor,Yes
CHN202500011,13.043595,80.096823,Poonamallee,Poonamallee High Road,Arterial,4,16.3,40,Drizzle,28.4,75.1,2222,9.5,UnderConstruction,Daylight,Severe,12.7,4.4,100.0,Yes,No,Yes,No,No,2024,2,Friday,No,No,Morning,6,Yes,Yes,No,9,Yes,Yes,High,Major,Yes
CHN202200012,12.787622,80.212078,Kelambakkam,OMR Service Road,Service Road,1,6.8,40,Cloudy,27.4,67.3,1605,18.6,Damaged,Daylight,Medium,34.1,17.7,55.0,No,Yes,,Yes,No,2023,2,Saturday,Yes,No,Afternoon,11,No,No,Yes,2,No,No,Low,Major,No
CHN202200013,13.116032,80.096897,Avadi,Chennai Bypass Road,Highway,6,16.2,80,Sunny,29.4,53.4,3422,7.9,Dry,Daylight,High,23.1,20.7,69.0,No,No,No,Yes,No,2024,8,Friday,No,No,Afternoon,12,No,No,No,5,No,No,Low,Major,No
CHN202400014,12.950365,80.149942,Chrompet,GST Road,Service Road,2,7.4,20,Sunny,35.0,47.4,3094,17.5,UnderConstruction,Dawn,High,19.6,9.2,65.0,No,Yes,Yes,No,No,2025,10,Friday,No,No,Early Morning,4,No,No,Yes,2,Yes,No,Medium,Minor,No
CHN202500015,12.936236,80.233206,Thoraipakkam,OMR,Highway,4,16.9,80,Cloudy,30.5,56.7,2109,18.1,Dry,Daylight,High,21.9,14.7,44.0,No,No,No,No,No,2025,10,Friday,No,Yes,Evening,17,No,Yes,No,5,Yes,Yes,Medium,Major,Yes
CHN202200016,13.044207,80.099728,Poonamallee,Poonamallee High Road,Arterial,4,15.1,60,Cloudy,30.3,70.2,3758,16.6,UnderConstruction,Daylight,High,14.1,7.5,38.0,No,No,No,Yes,No,2025,6,Sunday,Yes,No,Morning,9,Yes,No,Yes,10,Yes,Yes,High,Minor,Yes
CHN202500017,13.142305,80.234785,Madhavaram,Madhavaram High Road,Flyover,4,8.3,60,Cloudy,33.0,55.1,2786,16.1,Dry,NightWithoutLights,Severe,18.1,10.5,83.0,No,No,Yes,No,No,2023,8,Friday,No,No,Night,22,Yes,Yes,Yes,9,No,No,High,Fatal,Yes
CHN202200018,13.009049,80.221878,Guindy,GST Road,Highway,6,17.4,80,Drizzle,27.8,79.7,1283,20.6,Wet,Daylight,High,16.4,9.8,68.0,No,Yes,No,Yes,No,2023,7,Sunday,Yes,No,Evening,16,No,Yes,Yes,6,No,No,Medium,Major,No
CHN202400019,13.116808,80.229993,Perambur,Paper Mills Road,Arterial,2,12.0,40,Cloudy,30.6,61.3,1627,9.3,Dry,Daylight,High,23.2,2.0,69.0,Yes,No,Yes,No,No,2022,11,Friday,No,Yes,Afternoon,14,No,No,No,5,No,No,Low,Minor,No
CHN202500020,13.073433,80.263095,Egmore,Mount Road,Arterial,4,10.1,40,Sunny,30.1,57.4,2724,12.4,Dry,NightWithLights,High,20.1,11.2,63.0,No,No,No,Yes,No,2023,11,Thursday,No,Yes,Night,22,No,No,Yes,2,No,No,Low,Minor,No
CHN202400021,13.154727,80.239916,Madhavaram,Madhavaram High Road,Arterial,4,14.8,40,Sunny,35.9,48.5,3521,17.9,Dry,NightWithoutLights,Severe,10.2,7.4,88.0,No,No,Yes,No,No,2022,7,Friday,No,No,Night,22,No,Yes,No,12,No,No,Medium,Minor,No
CHN202500022,13.032292,80.269476,Mylapore,Luz Church Road,Residential,2,5.7,20,Foggy,25.5,83.8,214,7.9,Potholes,Dusk,High,14.4,11.0,61.0,No,No,Yes,Yes,No,2022,9,Friday,No,No,Evening,17,No,No,No,3,No,No,Medium,Minor,Yes
CHN202400023,13.010334,80.257124,Adyar,LB Road,Arterial,2,11.3,50,Sunny,38.5,49.9,2296,14.8,Potholes,Daylight,Medium,29.1,4.6,35.0,Yes,No,No,No,No,2023,6,Tuesday,No,No,Afternoon,12,No,Yes,No,6,No,No,Low,Minor,No
CHN202400024,13.112469,80.095366,Avadi,Chennai Bypass Road,Highway,4,22.5,80,Rainy,25.8,82.4,785,25.2,Potholes,NightWithoutLights,Medium,26.6,8.6,59.0,No,No,Yes,No,No,2023,2,Tuesday,No,No,Early Morning,4,No,Yes,Yes,8,No,Yes,High,Fatal,Yes
CHN202500025,13.012238,80.201358,Kathipara,GST Road Flyover,Flyover,2,8.2,60,Drizzle,25.6,80.9,1590,13.6,Wet,NightWithoutLights,Medium,34.3,11.2,77.0,No,Yes,Yes,No,No,2022,2,Saturday,Yes,No,Late Night,2,No,No,Yes,2,No,No,High,Fatal,No
CHN202300026,12.979238,80.217169,Velachery,Velachery Main Road,Arterial,2,17.4,50,Rainy,26.8,88.2,1019,19.5,UnderConstruction,Dusk,Medium,30.5,8.6,48.0,No,No,Yes,No,No,2022,9,Sunday,Yes,Yes,Evening,17,No,Yes,No,5,Yes,No,Medium,Minor,No
CHN202500027,13.086515,80.205161,Anna Nagar,Anna Nagar 2nd Avenue,Residential,2,8.4,20,Rainy,24.8,80.5,466,15.7,Damaged,Dusk,Severe,4.0,4.6,79.0,No,No,No,Yes,No,2025,12,Thursday,No,No,Evening,18,No,No,No,7,No,No,High,Minor,No
CHN202500028,13.045033,80.212184,Vadapalani,Arcot Road,Highway,6,16.4,80,Sunny,31.6,56.7,3229,7.8,Damaged,Daylight,Medium,39.2,7.8,57.0,No,Yes,Yes,No,No,2025,7,Tuesday,No,Yes,Afternoon,12,No,No,No,1,No,No,Medium,Major,No
CHN202200029,13.142408,80.226825,Madhavaram,Madhavaram High Road,Arterial,4,14.4,50,Rainy,27.9,94.8,1499,20.3,Wet,NightWithoutLights,Low,47.6,5.5,29.0,No,No,No,No,No,2023,4,Wednesday,No,No,Night,21,No,Yes,No,2,No,No,Medium,Minor,No
CHN202300030,12.932001,80.256057,Neelankarai,ECR,Highway,6,22.2,60,Sunny,37.6,61.5,3616,15.6,Dry,NightWithoutLights,Medium,32.0,14.3,49.0,No,No,Yes,No,No,2023,8,Tuesday,No,No,Early Morning,4,Yes,Yes,No,4,No,No,Medium,Minor,No
CHN202300031,12.958752,80.240747,Perungudi,OMR,Highway,6,19.7,80,Rainy,28.3,75.5,359,22.0,Wet,Dusk,Medium,34.1,11.3,41.0,No,No,Yes,Yes,No,2023,10,Monday,No,No,Evening,16,No,Yes,No,3,No,No,Medium,Major,No
CHN202500032,13.037567,80.22881,T Nagar,Anna Salai,Arterial,2,11.1,60,Sunny,32.6,46.1,3072,8.4,Dry,Daylight,Low,35.9,8.2,42.0,Yes,No,No,No,No,2022,10,Sunday,Yes,No,Morning,8,Yes,Yes,Yes,7,No,No,Low,Minor,No
CHN202400033,12.954073,80.152408,Chrompet,GST Road,Highway,4,18.1,80,Cloudy,33.5,73.7,2478,12.0,Dry,Dusk,Medium,35.9,12.6,40.0,Yes,Yes,No,Yes,No,2024,4,Friday,No,No,Evening,18,No,Yes,No,4,No,No,Low,Major,No
CHN202400034,13.04828,80.235555,T Nagar,Anna Salai,Arterial,4,16.8,50,Cloudy,27.0,70.7,2326,18.5,Dry,NightWithLights,Medium,36.2,11.6,19.0,No,Yes,No,No,No,2024,2,Thursday,No,No,Late Night,1,No,Yes,No,4,No,No,Low,Minor,No
CHN202500035,13.080545,80.260088,Egmore,Mount Road,Arterial,4,15.5,40,Rainy,26.3,87.4,348,19.2,Wet,Daylight,Medium,26.6,11.5,62.0,No,No,No,Yes,No,2022,6,Monday,No,No,Morning,10,No,Yes,Yes,5,Yes,No,Medium,Minor,No
CHN202500036,13.012411,80.206652,Kathipara,GST Road Flyover,Flyover,4,13.5,70,Sunny,33.5,46.3,4906,9.0,Dry,Daylight,High,24.1,10.4,66.0,No,Yes,No,No,No,2022,2,Friday,No,No,Evening,16,No,No,No,4,No,No,Low,Major,No
CHN202500037,12.96941,80.24003,Perungudi,OMR,Highway,4,23.8,60,Cloudy,33.6,74.5,2090,8.6,Dry,NightWithLights,Medium,32.0,9.0,26.0,No,No,No,No,No,2022,2,Thursday,No,No,Late Night,3,Yes,Yes,No,4,No,No,Low,Major,No
CHN202500038,13.087982,80.209016,Anna Nagar,Anna Nagar 2nd Avenue,Residential,1,7.0,30,Cloudy,30.1,74.9,2715,13.7,Dry,NightWithLights,Severe,8.5,6.8,73.0,Yes,No,No,No,No,2022,3,Saturday,Yes,Yes,Late Night,23,No,No,Yes,8,No,Yes,High,Major,Yes
CHN202400039,13.060358,80.194037,Koyambedu,Poonamallee High Road,Junction,2,19.6,30,Sunny,31.9,55.6,4648,14.9,Damaged,Dusk,High,19.9,7.5,72.0,No,Yes,No,No,No,2022,10,Thursday,No,Yes,Evening,18,No,No,Yes,7,No,No,Medium,Minor,No
CHN202500040,12.935841,80.25414,Neelankarai,ECR,Highway,6,22.7,100,Cloudy,33.2,73.2,3478,13.5,Dry,NightWithLights,High,14.2,7.2,52.0,Yes,No,No,No,No,2023,6,Thursday,No,No,Night,19,No,Yes,Yes,5,No,No,Medium,Fatal,No
CHN202300041,13.004187,80.217686,Guindy,GST Road,Highway,8,16.6,100,Sunny,35.8,61.3,2705,8.6,UnderConstruction,NightWithLights,High,21.7,12.6,68.0,No,No,Yes,No,No,2023,12,Thursday,No,No,Late Night,1,Yes,Yes,No,4,Yes,No,High,Major,No
CHN202400042,12.789305,80.215082,Kelambakkam,OMR Service Road,Highway,6,23.2,60,Rainy,28.5,77.0,861,14.0,Wet,Daylight,Severe,8.1,10.3,100.0,No,No,Yes,No,No,2023,3,Wednesday,No,No,Afternoon,13,No,Yes,Yes,7,No,No,Medium,Major,No
CHN202400043,13.084932,80.211232,Anna Nagar,Anna Nagar 2nd Avenue,Highway,6,22.8,80,Rainy,28.9,90.0,645,12.4,Wet,NightWithLights,High,17.5,9.9,37.0,No,No,No,Yes,No,2024,7,Friday,No,No,Night,20,No,No,No,6,No,No,High,Major,No
CHN202300044,13.0357,80.26759,Mylapore,Luz Church Road,Residential,2,7.6,40,Sunny,31.2,59.2,3690,11.4,Dry,Daylight,Severe,4.0,10.7,100.0,No,No,Yes,No,No,2025,11,Saturday,Yes,Yes,Afternoon,12,Yes,Yes,No,7,No,No,Low,Minor,No
CHN202200045,12.935949,80.235506,Thoraipakkam,OMR,Highway,4,15.7,60,Sunny,30.2,46.4,4969,6.0,Dry,Dusk,Medium,24.8,13.9,41.0,No,No,Yes,No,No,2022,10,Monday,No,No,Evening,18,Yes,No,Yes,3,No,No,Low,Minor,No
CHN202400046,12.898737,80.232297,Sholinganallur,OMR,Highway,6,20.1,80,Sunny,35.9,58.5,4047,6.0,Dry,Daylight,Medium,46.0,9.7,,No,No,No,No,No,2023,6,Monday,No,No,Morning,6,No,Yes,No,3,No,No,Low,Fatal,No
CHN202500047,13.043632,80.214206,Vadapalani,Arcot Road,Arterial,2,10.0,50,Rainy,28.4,75.6,983,13.1,Potholes,NightWithoutLights,High,10.4,11.1,57.0,No,No,No,No,No,2022,4,Wednesday,No,No,Late Night,23,No,Yes,No,13,No,Yes,High,Major,Yes
CHN202400048,12.901352,80.228778,Sholinganallur,OMR,Highway,6,17.3,80,Sunny,30.9,62.0,3338,8.0,Damaged,Dusk,High,18.5,6.3,51.0,Yes,No,Yes,No,No,2024,12,Wednesday,No,No,Evening,18,No,Yes,Yes,2,No,No,Low,Major,No
CHN202500049,12.932753,80.254535,Neelankarai,ECR,Highway,8,18.9,80,Cloudy,29.5,59.5,1614,12.2,Damaged,Daylight,High,12.2,19.2,69.0,Yes,No,No,Yes,Yes,2023,6,Thursday,No,No,Afternoon,11,No,Yes,Yes,3,No,No,Low,Major,No
CHN202400050,12.788121,80.219742,Kelambakkam,OMR Service Road,Flyover,4,8.5,80,Cloudy,31.3,63.3,2929,9.8,Damaged,NightWithoutLights,Severe,4.9,5.7,87.0,Yes,No,No,No,No,2022,11,Thursday,No,No,Night,19,Yes,No,Yes,7,No,No,High,Major,Yes
CHN202300051,13.050226,80.100981,Poonamallee,Poonamallee High Road,Arterial,4,14.2,60,Sunny,,58.0,2347,16.5,Dry,Daylight,Low,46.2,3.4,31.0,No,No,No,Yes,Yes,2022,4,Tuesday,No,No,Afternoon,12,No,No,Yes,4,Yes,No,Low,Minor,No
CHN202400052,13.003631,80.253775,Adyar,LB Road,Arterial,4,17.5,40,Cloudy,32.3,60.7,3468,15.6,Potholes,NightWithLights,Medium,37.6,2.2,51.0,No,No,Yes,No,No,2023,6,Sunday,Yes,No,Late Night,3,Yes,Yes,No,6,No,No,Low,Minor,No
CHN202400053,12.929592,80.235822,Thoraipakkam,OMR,Highway,8,,80,Sunny,32.9,49.0,4040,7.4,Wet,Daylight,High,16.2,12.2,72.0,No,No,Yes,No,No,2023,7,Wednesday,No,No,Morning,7,No,Yes,Yes,8,No,Yes,Medium,Major,Yes
CHN202300054,13.114571,80.099123,Avadi,Chennai Bypass Road,Highway,4,15.1,60,Sunny,29.3,50.6,2578,9.9,Dry,NightWithLights,High,25.1,,71.0,No,No,Yes,No,No,2023,2,Friday,No,No,Late Night,0,No,Yes,No,5,No,No,Medium,Major,No
CHN202200055,13.090604,80.205911,Anna Nagar,Anna Nagar 2nd Avenue,Residential,1,6.7,20,Sunny,31.7,52.9,3275,16.4,Dry,NightWithLights,Medium,31.9,3.5,68.0,No,No,Yes,No,No,2025,10,Wednesday,No,No,Night,22,No,No,No,1,No,No,Low,Minor,No
CHN202200056,13.123816,80.240577,Perambur,Paper Mills Road,Arterial,4,16.5,40,Cloudy,28.8,68.3,1796,19.2,Potholes,Dawn,Medium,29.4,3.0,47.0,No,No,No,No,No,2022,2,Friday,No,No,Early Morning,4,Yes,No,No,5,No,No,Medium,Minor,Yes
CHN202200057,13.156485,80.233938,Madhavaram,Madhavaram High Road,Arterial,4,16.0,60,Sunny,32.2,52.4,3611,8.9,Dry,Daylight,Medium,32.1,5.9,45.0,No,No,No,Yes,No,2024,4,Friday,No,No,Afternoon,12,No,No,No,6,Yes,No,Low,Minor,No
CHN202300058,13.011371,80.195927,Kathipara,GST Road Flyover,Service Road,2,7.5,20,Cloudy,28.5,,3120,13.0,Dry,NightWithoutLights,High,15.5,10.8,48.0,No,No,No,Yes,No,2023,3,Friday,No,No,Late Night,0,No,Yes,Yes,6,No,No,Medium,Minor,No
CHN202200059,13.111561,80.097553,Avadi,Chennai Bypass Road,Highway,4,16.9,60,Rainy,27.0,93.4,339,11.3,Wet,NightWithLights,Low,42.3,15.0,18.0,No,No,No,Yes,No,2022,5,Sunday,Yes,No,Late Night,2,No,Yes,No,1,Yes,No,High,Fatal,No
CHN202200060,13.01699,80.2176,Guindy,GST Road,Highway,4,14.6,100,Sunny,34.5,53.5,4386,11.4,Dry,NightWithLights,Severe,11.8,10.3,86.0,No,No,No,No,No,2024,10,Sunday,Yes,Yes,Late Night,3,No,Yes,Yes,6,No,No,High,Fatal,No
CHN202200061,12.919198,80.256376,Injambakkam,ECR,Highway,6,17.6,60,Cloudy,33.9,60.2,1973,9.5,Dry,NightWithoutLights,High,9.1,16.1,51.0,No,No,No,No,No,2024,9,Saturday,Yes,No,Early Morning,5,No,Yes,Yes,3,No,No,Low,Fatal,No
CHN202200062,13.024143,80.270518,Mylapore,Luz Church Road,Service Road,2,7.3,30,Cloudy,29.3,68.9,3892,15.1,Wet,Daylight,Medium,33.5,14.6,50.0,No,Yes,Yes,No,No,2023,5,Sunday,Yes,No,Evening,17,No,No,No,2,No,No,Low,Minor,No
CHN202400063,13.144396,80.239303,Madhavaram,Madhavaram High Road,Arterial,4,16.6,50,Cloudy,29.4,63.9,3660,16.7,Dry,Daylight,Medium,31.9,4.3,45.0,,No,No,Yes,No,2023,1,Saturday,Yes,Yes,Morning,7,Yes,No,No,5,No,No,Medium,Minor,No
CHN202200064,13.117776,80.100276,Avadi,Chennai Bypass Road,Highway,4,23.4,100,Cloudy,31.5,64.3,2549,9.4,Dry,NightWithoutLights,Medium,28.1,8.3,38.0,No,No,No,No,No,2022,5,Tuesday,No,No,Night,21,No,No,No,2,No,No,Medium,Fatal,No
CHN202200065,13.068999,80.194343,Koyambedu,Poonamallee High Road,Junction,4,13.4,30,Cloudy,29.6,74.4,1932,11.8,Dry,Dusk,High,22.8,4.6,68.0,No,Yes,No,No,No,2022,8,Saturday,Yes,No,Evening,17,No,No,Yes,10,Yes,Yes,Medium,Major,Yes
CHN202500066,13.08472,80.208614,Anna Nagar,Anna Nagar 2nd Avenue,Residential,1,6.8,30,Rainy,29.4,88.1,449,15.9,Potholes,Daylight,Severe,12.0,8.7,67.0,No,No,Yes,Yes,No,2022,5,Wednesday,No,No,Morning,8,No,No,No,7,No,No,High,Major,No
CHN202400067,13.109234,80.239805,Perambur,Paper Mills Road,Arterial,2,12.3,40,Sunny,34.0,62.8,3890,,Dry,Daylight,High,19.6,7.7,61.0,No,No,No,No,No,2024,3,Tuesday,No,No,Morning,8,No,No,Yes,6,No,No,Low,Minor,No
CHN202500068,13.11071,80.150829,Ambattur,Ambattur Industrial Estate Road,Arterial,2,14.6,50,Cloudy,30.1,63.0,2679,15.0,Dry,NightWithoutLights,Severe,11.1,7.8,85.0,No,No,Yes,No,No,2024,9,Monday,No,No,Early Morning,4,No,Yes,No,8,No,No,High,Major,No
CHN202300069,12.920845,80.128665,Tambaram,GST Road,Arterial,2,12.0,40,Foggy,21.4,89.1,396,2.1,Dry,Daylight,High,17.9,,79.0,No,No,Yes,Yes,No,2023,5,Friday,No,No,Evening,17,No,Yes,Yes,6,No,No,Low,Minor,No
CHN202300070,13.049041,80.287547,Marina,Marina Beach Road,Residential,2,5.3,40,Rainy,29.2,89.0,1108,20.5,Damaged,NightWithLights,Medium,31.1,10.4,44.0,No,Yes,No,No,Yes,2024,4,Monday,No,No,Night,22,No,No,No,0,No,No,Medium,Minor,No
CHN202200071,12.928062,80.257719,Neelankarai,ECR,Residential,2,8.7,30,Rainy,24.5,89.8,1486,26.9,Wet,Dusk,Medium,27.7,8.0,40.0,Yes,No,Yes,No,No,2024,9,Saturday,Yes,No,Evening,17,Yes,No,No,0,Yes,No,Medium,Minor,No
CHN202500072,12.917555,80.254326,Injambakkam,ECR,Residential,1,8.8,40,Rainy,26.8,79.4,1275,24.7,Wet,NightWithLights,Medium,45.2,,50.0,No,No,Yes,Yes,No,2022,10,Saturday,Yes,No,Late Night,1,Yes,Yes,No,2,No,No,Medium,Minor,No
CHN202400073,12.983501,80.221002,Velachery,Velachery Main Road,Arterial,4,12.5,40,Sunny,30.2,53.2,3670,17.1,Dry,Dusk,Medium,30.2,6.0,62.0,No,Yes,Yes,Yes,No,2024,1,Monday,No,Yes,Evening,18,No,Yes,Yes,2,No,No,Low,Minor,No
CHN202400074,13.046339,80.216923,Vadapalani,Arcot Road,Arterial,4,13.4,50,Drizzle,24.7,87.9,1444,17.1,UnderConstruction,Daylight,Medium,35.9,6.6,50.0,Yes,No,No,Yes,No,2023,7,Friday,No,No,Evening,16,Yes,Yes,No,4,Yes,No,Low,Minor,No
CHN202400075,13.034158,80.270789,Mylapore,Luz Church Road,Residential,1,5.3,20,Sunny,38.9,49.4,4444,7.2,Dry,Dusk,Severe,11.5,9.8,74.0,Yes,No,No,Yes,No,2023,7,Saturday,Yes,No,Evening,18,Yes,No,No,4,No,No,Low,Minor,No
CHN202300076,12.977464,80.218465,Velachery,Velachery Main Road,Service Road,2,,30,Rainy,29.3,87.3,633,12.0,Damaged,Dusk,Low,38.6,20.8,11.0,No,No,No,No,No,2022,6,Monday,No,No,Evening,16,Yes,No,Yes,2,No,No,Low,Minor,No
CHN202400077,12.906061,80.227998,Sholinganallur,OMR,Highway,8,21.6,80,Sunny,36.1,64.0,2274,9.2,Dry,Daylight,Medium,32.6,10.3,45.0,No,No,Yes,No,Yes,2023,9,Friday,No,No,Afternoon,12,Yes,No,No,0,No,No,Low,Major,No
CHN202300078,12.935476,80.258272,Neelankarai,ECR,Service Road,2,5.8,30,Drizzle,25.2,86.0,965,17.1,Potholes,Dusk,Medium,38.9,13.8,32.0,Yes,No,Yes,No,No,2023,8,Tuesday,No,No,Evening,17,No,No,Yes,7,No,No,Medium,Minor,No
CHN202200079,12.923375,80.131449,Tambaram,GST Road,Highway,6,19.5,100,Foggy,25.5,95.3,387,5.7,Dry,NightWithLights,Severe,4.0,24.2,85.0,No,No,No,Yes,No,2022,8,Tuesday,No,No,Night,20,No,Yes,Yes,7,No,No,High,Fatal,Yes
CHN202200080,12.959763,80.238586,Perungudi,OMR,Highway,6,23.4,80,Drizzle,24.5,70.8,2026,18.7,Potholes,Daylight,Severe,5.8,21.5,74.0,No,No,No,No,No,2022,5,Monday,No,No,Evening,16,No,Yes,Yes,4,No,No,Medium,Fatal,Yes
CHN202300081,13.011653,80.21794,Guindy,GST Road,Highway,4,14.8,80,Drizzle,27.4,82.8,2473,17.5,Dry,NightWithLights,Severe,,14.8,97.0,Yes,Yes,Yes,No,No,2025,9,Monday,No,No,Night,19,No,Yes,Yes,9,No,Yes,High,Major,Yes
CHN202200082,13.039306,80.231994,T Nagar,Anna Salai,Arterial,2,15.6,60,Cloudy,28.0,70.0,2387,8.2,Dry,Dawn,High,15.5,3.9,50.0,No,No,Yes,Yes,No,2024,10,Monday,No,No,Early Morning,4,Yes,Yes,No,6,No,No,Medium,Major,No
CHN202500083,13.117807,80.089955,Avadi,Chennai Bypass Road,Highway,4,18.9,60,Rainy,24.6,81.2,978,10.9,Wet,NightWithLights,High,20.4,24.0,50.0,Yes,No,No,No,No,2024,1,Thursday,No,Yes,Late Night,23,No,Yes,No,2,No,No,High,Major,Yes
CHN202500084,13.114454,80.099817,Avadi,Chennai Bypass Road,Highway,6,17.5,80,Cloudy,30.4,64.7,3915,17.1,Dry,NightWithLights,Severe,4.0,5.9,80.0,Yes,Yes,No,Yes,No,2022,12,Thursday,No,No,Late Night,1,No,No,Yes,4,Yes,No,High,Major,Yes
CHN202300085,13.041589,80.157143,Porur,Mount Poonamallee Road,Junction,4,12.2,50,Sunny,29.3,49.9,3100,9.6,Dry,Dusk,Low,31.3,7.0,11.0,No,No,,No,No,2025,7,Tuesday,No,No,Evening,18,Yes,Yes,Yes,8,No,Yes,Low,Minor,Yes
CHN202300086,12.952709,80.144221,Chrompet,GST Road,Junction,2,18.6,30,Cloudy,30.0,55.2,3788,13.5,UnderConstruction,NightWithoutLights,High,17.8,11.4,63.0,No,No,Yes,No,No,2023,12,Friday,No,No,Early Morning,4,No,No,Yes,10,Yes,Yes,High,Minor,Yes
CHN202400087,13.048875,80.212013,Vadapalani,Arcot Road,Arterial,2,15.0,60,Sunny,37.5,,3026,13.6,Dry,Dawn,Severe,14.1,7.6,74.0,No,No,Yes,Yes,No,2022,9,Monday,No,No,Early Morning,4,No,Yes,No,7,No,No,Low,Minor,No
CHN202400088,13.039367,80.236601,T Nagar,Anna Salai,Arterial,4,10.2,60,Cloudy,32.5,55.1,2220,17.0,Damaged,NightWithLights,Medium,26.8,7.5,48.0,No,No,Yes,No,No,2024,6,Wednesday,No,No,Late Night,23,No,Yes,No,8,No,No,Medium,Minor,No
CHN202200089,13.073462,80.261361,Egmore,Mount Road,Service Road,1,4.0,30,Rainy,27.4,84.9,1271,23.6,Wet,Daylight,Severe,8.3,20.1,100.0,No,Yes,No,No,No,2025,8,Friday,No,No,Afternoon,13,Yes,No,No,4,No,Yes,High,Major,Yes
CHN202400090,13.076085,80.266747,Egmore,Mount Road,Arterial,2,12.4,60,Cloudy,33.2,59.5,2325,13.7,Dry,NightWithLights,Medium,37.5,10.0,35.0,No,No,No,No,No,2022,11,Thursday,No,No,Late Night,3,No,Yes,No,6,No,No,Low,Minor,Yes
CHN202500091,12.939833,80.239014,Thoraipakkam,OMR,Highway,6,21.9,80,Rainy,29.5,91.0,768,19.7,Potholes,NightWithoutLights,Low,50.4,22.4,25.0,No,No,Yes,Yes,No,2023,1,Wednesday,No,No,Night,20,Yes,No,Yes,1,No,No,High,Major,Yes
CHN202400092,13.114251,80.103245,Avadi,Chennai Bypass Road,Residential,1,6.3,40,Cloudy,28.9,64.0,3588,16.0,Dry,Daylight,Low,53.0,11.7,0.0,No,No,No,Yes,No,2025,3,Friday,No,No,Afternoon,14,No,No,Yes,1,Yes,No,Low,Minor,No
CHN202200093,13.074925,80.201506,Koyambedu,Poonamallee High Road,Junction,2,13.1,30,Sunny,29.8,48.2,3251,16.4,Dry,Daylight,Medium,42.3,3.3,37.0,No,No,Yes,No,No,2025,11,Thursday,No,No,Morning,7,No,No,Yes,4,No,No,Low,Minor,No
CHN202500094,13.108742,80.160633,Ambattur,Ambattur Industrial Estate Road,Residential,1,7.4,20,Cloudy,32.3,63.5,2248,8.6,Dry,Daylight,High,26.0,2.6,85.0,Yes,No,No,No,No,2023,9,Sunday,Yes,No,Afternoon,11,No,No,No,8,No,No,Low,Minor,No
CHN202400095,13.072839,80.25831,Egmore,Mount Road,Residential,2,,40,Sunny,36.2,60.9,3323,7.7,Dry,Dusk,Severe,12.0,4.0,57.0,Yes,No,No,No,No,2025,1,Monday,No,No,Evening,16,No,No,No,4,No,No,Low,Minor,No
CHN202200096,13.148547,80.231207,Madhavaram,Madhavaram High Road,Residential,2,8.2,30,Rainy,24.5,90.2,1454,11.7,Potholes,NightWithLights,Severe,9.7,5.5,90.0,No,No,Yes,Yes,No,2025,5,Thursday,No,No,Night,20,No,No,No,1,No,No,Medium,Minor,No
CHN202300097,13.043621,80.235223,T Nagar,Anna Salai,Arterial,4,16.4,50,Sunny,34.6,46.2,3292,10.1,Dry,Dawn,Low,52.7,7.4,42.0,No,No,No,No,No,2025,11,Friday,No,No,Early Morning,4,No,Yes,Yes,3,No,No,Low,Minor,No
CHN202500098,13.006121,80.215513,Guindy,GST Road,Junction,2,12.8,40,Sunny,32.7,52.8,3811,7.9,Damaged,NightWithoutLights,Severe,5.3,5.2,65.0,No,No,No,No,No,2023,1,Monday,No,Yes,Early Morning,4,Yes,Yes,No,12,No,No,High,Minor,Yes
CHN202300099,13.0108,80.197724,Kathipara,GST Road Flyover,Service Road,1,6.1,40,Cloudy,29.2,63.0,1833,10.3,Dry,NightWithoutLights,High,19.7,15.9,52.0,No,No,No,No,No,2022,7,Monday,No,No,Night,22,No,No,No,5,No,No,Medium,Major,No
CHN202300100,12.899725,80.227222,Sholinganallur,OMR,Highway,6,14.4,80,Sunny,32.4,58.0,3493,6.2,Dry,Dawn,Severe,4.0,6.8,73.0,No,No,Yes,No,No,2022,4,Friday,No,No,Early Morning,5,Yes,Yes,No,5,No,No,Low,Major,No
CHN202200101,13.051278,80.094793,Poonamallee,Poonamallee High Road,Arterial,4,11.6,40,Sunny,29.5,47.8,3480,13.5,Dry,Dusk,Medium,25.2,12.0,42.0,No,No,Yes,Yes,No,2022,3,Monday,No,Yes,Evening,17,Yes,Yes,Yes,5,No,No,Low,Minor,No
CHN202300102,12.915886,80.254581,Injambakkam,ECR,Junction,2,15.7,40,Sunny,33.5,46.8,4163,7.9,Dry,Daylight,High,26.0,11.1,56.0,No,No,No,No,No,2023,11,Saturday,Yes,No,Afternoon,12,No,No,Yes,7,No,No,Low,Minor,No
CHN202500103,12.960984,80.238884,Perungudi,OMR,Flyover,4,9.8,80,Sunny,37.0,64.3,4110,7.1,Dry,Daylight,Low,46.6,8.5,31.0,No,Yes,Yes,No,No,2022,10,Friday,No,No,Morning,6,No,Yes,Yes,2,No,No,Low,Major,No
CHN202300104,13.044208,80.231385,T Nagar,Anna Salai,Arterial,4,16.7,40,Sunny,32.2,56.8,3865,13.9,Potholes,Daylight,Severe,11.3,9.1,71.0,No,No,No,Yes,No,2023,6,Thursday,No,No,Evening,17,No,No,Yes,15,No,Yes,High,Minor,Yes
CHN202200105,13.000926,80.253149,Adyar,LB Road,Junction,4,10.3,30,Cloudy,28.8,55.6,3226,13.2,Dry,Daylight,Medium,34.9,2.1,49.0,No,Yes,No,Yes,No,2022,6,Thursday,No,No,Afternoon,15,No,No,No,7,No,No,Low,Minor,No
CHN202400106,13.050311,80.211518,Vadapalani,Arcot Road,Flyover,4,10.9,80,Rainy,24.6,77.7,383,19.9,Wet,Dawn,Medium,34.8,10.8,30.0,Yes,Yes,Yes,No,No,2024,8,Saturday,Yes,No,Early Morning,4,No,No,No,1,No,No,Medium,Major,No
CHN202200107,12.982999,80.215474,Velachery,Velachery Main Road,Arterial,4,10.6,60,Rainy,25.1,75.3,701,13.1,Wet,Daylight,Severe,7.0,9.3,92.0,No,Yes,Yes,Yes,No,2025,3,Sunday,Yes,No,Evening,18,No,No,No,5,No,No,Medium,Minor,No
CHN202400108,12.941445,80.240353,Thoraipakkam,OMR,Highway,4,18.7,100,Sunny,38.6,62.8,2849,15.6,Wet,Daylight,High,20.4,25.0,58.0,No,No,No,Yes,Yes,2024,4,Wednesday,No,No,Morning,9,No,Yes,No,4,Yes,No,Medium,Fatal,No
CHN202500109,13.117988,80.099305,Avadi,Chennai Bypass Road,Highway,6,22.1,80,Sunny,34.9,55.7,4064,11.1,Damaged,Daylight,High,25.6,23.8,55.0,No,No,No,Yes,No,2023,5,Saturday,Yes,No,Morning,10,No,No,No,4,No,No,Medium,Fatal,No
CHN202200110,13.039127,80.23772,T Nagar,Anna Salai,Arterial,4,10.5,50,Rainy,24.4,75.4,329,20.2,Potholes,NightWithLights,High,16.2,9.7,52.0,No,No,No,Yes,Yes,2022,9,Thursday,No,No,Night,22,Yes,No,No,8,No,Yes,High,Minor,Yes
CHN202400111,13.051371,80.104632,Poonamallee,Poonamallee High Road,Arterial,2,14.7,40,Rainy,25.2,92.9,331,20.4,Wet,Daylight,Medium,29.9,9.2,19.0,No,No,No,No,No,2022,6,Monday,No,No,Morning,7,No,Yes,No,4,No,No,Low,Minor,No
CHN202500112,12.979101,80.219338,Velachery,Velachery Main Road,Arterial,2,15.9,40,Sunny,36.8,55.7,2041,5.0,Dry,Daylight,Medium,28.4,5.8,79.0,Yes,Yes,Yes,Yes,No,2023,8,Tuesday,No,No,Afternoon,12,No,Yes,No,4,No,No,Low,Minor,No
CHN202400113,12.905487,80.227576,Sholinganallur,OMR,Highway,6,14.2,100,Drizzle,27.3,81.9,1697,12.7,Wet,NightWithLights,Medium,33.8,8.0,33.0,Yes,No,No,Yes,No,2024,10,Saturday,Yes,Yes,Night,21,No,Yes,Yes,7,No,No,High,Fatal,No
CHN202300114,12.966389,80.240678,Perungudi,OMR,Highway,8,24.0,60,Sunny,32.6,54.6,3481,16.1,Damaged,Dawn,Medium,28.6,8.8,18.0,No,No,No,No,No,2022,10,Friday,No,Yes,Early Morning,4,Yes,Yes,Yes,2,No,No,Medium,Major,No
CHN202300115,13.088061,80.204413,Anna Nagar,Anna Nagar 2nd Avenue,Service Road,1,7.1,20,Rainy,26.9,85.1,408,23.3,Potholes,Daylight,Low,38.0,12.1,14.0,No,No,Yes,No,No,2022,2,Wednesday,No,Yes,Morning,9,No,Yes,No,3,No,No,Medium,Minor,No
CHN202200116,12.912697,80.253848,Injambakkam,ECR,Service Road,1,6.2,30,Sunny,37.8,48.3,3092,16.0,Dry,NightWithLights,High,17.4,24.6,55.0,No,No,No,No,No,2025,11,Thursday,No,Yes,Night,20,Yes,No,No,3,No,No,Medium,Minor,No
CHN202300117,13.104391,80.239962,Perambur,Paper Mills Road,Flyover,4,9.3,60,Drizzle,28.3,75.5,1947,14.5,Wet,Daylight,Medium,32.5,4.2,24.0,No,No,No,No,No,2023,7,Monday,No,No,Morning,8,Yes,Yes,Yes,3,No,No,Medium,Major,No
CHN202500118,12.929004,80.256969,Neelankarai,ECR,Highway,4,16.7,100,Drizzle,25.1,75.6,1588,19.8,Potholes,Daylight,Severe,5.9,16.5,98.0,Yes,No,No,No,No,2024,2,Friday,No,No,Afternoon,11,No,No,Yes,3,No,No,High,Fatal,No
CHN202300119,13.042516,80.236669,T Nagar,Anna Salai,Highway,8,14.5,80,Rainy,30.0,82.0,642,19.1,Potholes,NightWithLights,Medium,36.0,13.0,17.0,No,No,No,No,No,2024,3,Wednesday,No,No,Night,21,No,Yes,Yes,4,Yes,No,High,Fatal,Yes
CHN202400120,13.014262,80.22357,Guindy,GST Road,Highway,4,18.5,80,Sunny,35.1,46.4,3009,15.5,Dry,Daylight,Severe,4.0,23.2,93.0,No,No,Yes,Yes,No,2024,10,Wednesday,No,Yes,Morning,6,Yes,No,Yes,5,Yes,No,Medium,Minor,No
CHN202500121,13.111113,80.236578,Perambur,Paper Mills Road,Residential,2,7.0,30,Drizzle,26.5,77.9,1263,17.2,Wet,NightWithoutLights,Low,45.4,2.7,60.0,No,Yes,Yes,No,No,2022,1,Friday,No,Yes,Early Morning,5,No,No,No,0,No,No,Medium,Minor,No
CHN202300122,13.007306,80.258102,Adyar,LB Road,Junction,2,11.9,40,Rainy,28.5,83.7,550,10.9,Wet,Daylight,High,25.5,7.8,54.0,No,No,No,No,No,2025,12,Saturday,Yes,No,Morning,8,Yes,No,No,11,No,Yes,High,Major,Yes
CHN202400123,13.01215,80.199619,Kathipara,GST Road Flyover,Flyover,2,13.3,70,Sunny,33.3,52.9,2904,6.8,Wet,Daylight,Low,41.1,11.5,23.0,No,No,Yes,No,No,2024,10,Monday,No,No,Afternoon,11,No,Yes,No,0,No,No,Low,Major,No
CHN202200124,13.035921,80.262782,Mylapore,Luz Church Road,Junction,4,15.2,40,Sunny,35.8,52.8,3090,6.9,Dry,NightWithLights,Severe,4.0,4.8,74.0,No,No,No,No,No,2024,11,Monday,No,Yes,Night,21,No,No,Yes,12,No,No,High,Minor,No
CHN202500125,13.052932,80.282015,Marina,Marina Beach Road,Highway,4,22.1,80,Rainy,29.5,83.2,767,13.2,Wet,Dusk,High,17.2,20.2,41.0,No,No,Yes,No,No,2022,5,Saturday,Yes,No,Evening,18,No,No,Yes,6,No,No,High,Major,No
CHN202200126,12.915111,80.12315,Tambaram,GST Road,Highway,4,22.6,60,Sunny,36.1,48.2,2477,11.3,Dry,NightWithLights,Low,45.1,6.4,0.0,No,No,No,No,No,2022,1,Wednesday,No,Yes,Night,19,No,No,No,2,No,No,Low,Minor,No
CHN202200127,13.042514,80.268883,Mylapore,Luz Church Road,Arterial,2,14.8,40,Sunny,33.7,52.1,3845,7.8,Wet,NightWithLights,High,21.1,9.0,46.0,No,No,No,Yes,No,2025,12,Monday,No,No,Night,20,No,Yes,Yes,10,No,Yes,Medium,Minor,Yes
CHN202500128,13.033747,80.161187,Porur,Mount Poonamallee Road,Flyover,4,12.6,60,Sunny,32.2,53.0,2737,18.0,Dry,Daylight,Medium,35.4,7.6,67.0,Yes,No,Yes,No,No,2025,12,Tuesday,No,No,Morning,10,No,Yes,Yes,1,No,No,Low,Fatal,No
CHN202200129,12.953018,80.146099,Chrompet,GST Road,Arterial,2,13.6,50,Drizzle,25.1,78.8,1054,12.9,Damaged,NightWithLights,Medium,32.6,6.2,54.0,No,No,Yes,No,No,2023,6,Wednesday,No,No,Late Night,23,No,Yes,No,4,No,No,High,Minor,No
CHN202200130,12.79156,80.219103,Kelambakkam,OMR Service Road,Highway,4,20.1,80,Drizzle,24.6,86.7,1822,18.7,Wet,Daylight,High,22.1,5.8,,No,No,No,No,No,2024,8,Thursday,No,No,Afternoon,13,Yes,Yes,No,1,No,No,Medium,Major,No
CHN202300131,13.038693,80.238474,T Nagar,Anna Salai,Arterial,4,17.2,50,Foggy,21.7,91.9,80,5.8,Dry,Dusk,Medium,28.1,11.9,33.0,No,Yes,Yes,No,No,2022,6,Wednesday,No,No,Evening,16,No,Yes,Yes,3,No,No,Low,Minor,No
CHN202200132,13.005609,80.255441,Adyar,LB Road,Arterial,2,15.4,40,Foggy,20.1,89.5,363,6.6,Dry,Daylight,Severe,8.6,5.4,75.0,No,No,Yes,Yes,No,2024,2,Tuesday,No,No,Morning,9,Yes,Yes,Yes,6,No,No,Medium,Minor,No
CHN202400133,12.955903,80.155447,Chrompet,GST Road,Arterial,2,10.8,50,Sunny,30.4,45.1,2578,8.1,Damaged,Daylight,High,20.1,3.8,81.0,Yes,No,No,Yes,No,2025,3,Wednesday,No,No,Morning,6,No,Yes,No,4,No,No,Low,Minor,Yes
CHN202400134,12.784532,80.215842,Kelambakkam,OMR Service Road,Service Road,1,6.6,30,Sunny,37.9,52.4,2149,9.3,Potholes,Dawn,Severe,,20.1,78.0,No,No,Yes,No,No,2023,12,Friday,No,No,Early Morning,5,No,No,Yes,11,Yes,Yes,High,Major,Yes
CHN202500135,13.004036,80.217924,Guindy,GST Road,Highway,6,24.0,60,Sunny,31.8,,2752,9.5,Dry,Dusk,Medium,39.1,6.7,40.0,No,No,Yes,Yes,No,2023,7,Monday,No,No,Evening,18,No,Yes,Yes,3,No,No,Low,Minor,No
CHN202300136,13.01315,80.196144,Kathipara,GST Road Flyover,Flyover,4,11.5,60,Sunny,36.2,60.0,3998,7.6,Potholes,Daylight,Severe,4.0,6.2,78.0,No,No,No,No,Yes,2024,8,Friday,No,No,Afternoon,14,No,No,No,5,No,No,Medium,Major,No
CHN202400137,12.928605,80.134338,Tambaram,GST Road,Arterial,2,15.6,60,Sunny,,60.6,2257,7.5,Dry,Daylight,Medium,35.7,6.1,16.0,No,No,No,Yes,No,2022,7,Thursday,No,No,Morning,10,No,Yes,No,4,No,No,Low,Minor,No
CHN202300138,13.080283,80.262821,Egmore,Mount Road,Flyover,2,10.1,60,Cloudy,32.5,55.1,3831,15.8,UnderConstruction,Daylight,Medium,32.7,6.3,49.0,No,Yes,No,No,No,2024,12,Tuesday,No,No,Morning,10,Yes,Yes,No,5,Yes,No,Low,Major,No
CHN202400139,13.04989,80.230843,T Nagar,Anna Salai,Junction,4,11.8,40,Sunny,29.6,58.7,2332,6.4,Damaged,Daylight,High,19.6,2.6,57.0,No,No,No,Yes,No,2023,10,Tuesday,No,Yes,Morning,6,No,No,Yes,10,Yes,Yes,High,Minor,Yes
CHN202500140,13.036901,80.269728,Mylapore,Luz Church Road,Residential,1,7.0,20,Cloudy,33.1,62.3,1921,12.8,Damaged,NightWithLights,Medium,37.7,11.8,38.0,Yes,Yes,Yes,No,No,2024,8,Thursday,No,No,Late Night,23,No,No,No,3,No,No,Low,Minor,No
CHN202300141,13.01102,80.199945,Kathipara,GST Road Flyover,Flyover,2,8.0,80,Cloudy,31.2,67.0,2876,11.5,UnderConstruction,NightWithoutLights,High,19.1,10.8,65.0,No,No,No,No,No,2022,6,Sunday,Yes,Yes,Night,21,No,Yes,Yes,4,Yes,No,High,Fatal,No
CHN202300142,13.06788,80.263811,Egmore,Mount Road,Arterial,4,15.4,60,Rainy,28.2,82.7,689,24.3,Damaged,Dusk,High,24.5,7.8,63.0,Yes,No,No,No,No,2025,1,Wednesday,No,Yes,Evening,17,No,Yes,Yes,7,No,No,High,Major,No
CHN202300143,13.120368,80.10023,Avadi,Chennai Bypass Road,Service Road,1,5.8,20,Cloudy,31.3,55.2,3019,16.8,Damaged,Dusk,Medium,20.9,7.3,36.0,No,No,No,Yes,No,2022,3,Wednesday,No,No,Evening,16,No,No,Yes,2,No,No,Low,Minor,No
CHN202200144,12.982348,80.21435,Velachery,Velachery Main Road,Arterial,2,17.3,60,Sunny,36.5,53.4,2046,11.9,Dry,Dawn,High,15.5,10.7,42.0,No,No,No,No,No,2025,4,Friday,No,No,Early Morning,4,No,Yes,No,3,No,No,Low,Minor,No
CHN202500145,12.901985,80.229875,Sholinganallur,OMR,Highway,8,21.5,60,Sunny,38.0,62.1,2161,15.7,Dry,NightWithoutLights,Severe,4.0,6.2,85.0,No,No,No,No,No,2022,8,Thursday,No,No,Late Night,3,Yes,No,No,3,Yes,No,Medium,Major,No
CHN202500146,13.151739,80.234573,Madhavaram,Madhavaram High Road,Arterial,2,17.1,50,Foggy,20.9,97.1,264,7.3,Potholes,Daylight,Severe,12.3,2.7,93.0,Yes,No,No,No,Yes,2022,9,Monday,No,No,Morning,7,No,No,Yes,4,No,No,Low,Minor,No
CHN202400147,13.105016,80.245078,Perambur,Paper Mills Road,Residential,2,8.5,20,Cloudy,28.6,55.8,3269,14.6,Damaged,NightWithoutLights,Medium,24.0,10.8,33.0,No,No,No,No,No,2025,12,Tuesday,No,No,Late Night,23,Yes,No,No,3,No,No,Medium,Minor,No
CHN202300148,13.112113,80.099092,Avadi,Chennai Bypass Road,Junction,2,17.5,40,Sunny,35.8,59.3,3570,15.3,Dry,Daylight,High,11.3,3.7,62.0,No,Yes,No,Yes,No,2023,5,Wednesday,No,No,Afternoon,12,No,No,Yes,7,No,No,Medium,Minor,No
CHN202300149,12.897812,80.231369,Sholinganallur,OMR,Highway,6,23.9,100,Sunny,31.5,45.9,4462,12.6,Dry,NightWithLights,High,17.3,11.6,61.0,No,No,Yes,Yes,No,2024,6,Friday,No,Yes,Late Night,1,Yes,Yes,Yes,4,No,No,High,Major,Yes
CHN202300150,13.003756,80.256481,Adyar,LB Road,Arterial,4,10.7,60,Cloudy,30.6,71.9,1568,17.3,Dry,Dawn,Low,53.3,10.8,50.0,No,No,Yes,Yes,No,2025,1,Tuesday,No,Yes,Early Morning,5,No,Yes,Yes,5,No,No,Low,Minor,No
CHN202500151,12.984599,80.222806,Velachery,Velachery Main Road,Arterial,2,17.9,40,Sunny,31.5,50.4,3657,8.1,Dry,Daylight,High,15.2,4.6,73.0,Yes,No,Yes,No,No,2022,9,Friday,No,No,Evening,17,No,Yes,Yes,4,No,No,Low,Minor,No
CHN202400152,13.060113,80.211435,Vadapalani,Arcot Road,Arterial,4,16.4,50,Sunny,34.4,64.9,4906,7.9,Damaged,NightWithLights,High,23.7,8.7,81.0,No,Yes,Yes,No,No,2023,1,Friday,No,No,Night,20,No,No,No,8,No,Yes,Medium,Minor,Yes
CHN202500153,12.791843,80.226071,Kelambakkam,OMR Service Road,Service Road,1,6.5,20,Sunny,30.6,61.5,4231,17.3,UnderConstruction,NightWithLights,Severe,11.8,7.3,92.0,No,Yes,Yes,No,No,2025,8,Sunday,Yes,No,Night,21,No,No,No,4,Yes,No,High,Major,Yes
CHN202400154,12.900041,80.22811,Sholinganallur,OMR,Highway,6,22.5,60,Sunny,29.4,47.7,3711,15.5,Potholes,NightWithLights,Severe,4.0,9.5,90.0,No,Yes,No,Yes,Yes,2023,2,Sunday,Yes,No,Night,21,No,Yes,No,3,No,No,Medium,Major,No
CHN202300155,13.062085,80.265799,Egmore,Mount Road,Arterial,4,10.5,40,Cloudy,31.2,74.4,2436,8.8,Dry,NightWithLights,High,26.2,6.3,57.0,No,No,Yes,Yes,No,2024,7,Thursday,No,No,Night,19,No,Yes,No,4,No,No,Low,Minor,No
CHN202200156,12.948598,80.152194,Chrompet,GST Road,Arterial,2,14.3,40,Sunny,35.4,59.5,2790,9.3,Dry,Daylight,Low,46.1,3.0,21.0,No,No,No,No,No,2024,3,Sunday,Yes,No,Morning,10,No,No,No,2,No,No,Low,Minor,No
CHN202200157,12.918982,80.131604,Tambaram,GST Road,Highway,6,22.9,80,Cloudy,30.2,61.9,3246,19.8,Dry,NightWithLights,Medium,39.2,13.6,42.0,Yes,No,No,No,No,2023,10,Wednesday,No,No,Late Night,1,No,Yes,No,3,No,No,Low,Major,No
CHN202400158,12.935212,80.242957,Thoraipakkam,OMR,Highway,6,19.6,60,Sunny,35.8,52.9,2869,5.4,Potholes,Daylight,Low,48.2,18.9,27.0,Yes,No,Yes,Yes,No,2023,5,Friday,No,No,Evening,16,No,Yes,Yes,5,No,No,Low,Major,No
CHN202400159,13.018248,80.196257,Kathipara,GST Road Flyover,Flyover,2,8.2,80,Sunny,29.9,63.8,4890,13.0,Dry,NightWithLights,Severe,10.9,8.5,82.0,Yes,No,Yes,No,No,2025,6,Thursday,No,No,Night,19,Yes,No,Yes,2,No,Yes,High,Fatal,Yes
CHN202400160,13.113243,80.153655,Ambattur,Ambattur Industrial Estate Road,Junction,4,17.5,30,Rainy,25.6,82.8,403,26.8,Wet,Daylight,Severe,17.2,11.3,79.0,No,No,Yes,No,No,2024,3,Sunday,Yes,No,Morning,9,No,No,Yes,10,No,Yes,High,Minor,Yes
CHN202300161,12.798375,80.211357,Kelambakkam,OMR Service Road,Service Road,2,7.8,20,Rainy,27.0,85.6,1147,19.8,Damaged,NightWithLights,High,28.6,13.1,44.0,Yes,No,No,No,No,2024,11,Tuesday,No,No,Late Night,0,No,No,Yes,9,No,Yes,High,Minor,Yes
CHN202200162,12.904394,80.230117,Sholinganallur,OMR,Highway,4,23.4,80,Cloudy,29.4,67.8,2800,9.5,Potholes,NightWithLights,High,19.4,6.0,64.0,No,No,Yes,Yes,No,2023,3,Tuesday,No,No,Night,22,No,Yes,No,5,No,No,Medium,Major,No
CHN202400163,13.118158,80.096601,Avadi,Chennai Bypass Road,Highway,6,21.9,60,Cloudy,32.7,58.2,2019,8.0,Dry,NightWithoutLights,Medium,33.2,20.2,23.0,No,No,No,Yes,No,2024,12,Monday,No,No,Early Morning,4,No,No,Yes,3,No,No,Low,Major,No
CHN202200164,13.112189,80.240494,Perambur,Paper Mills Road,Arterial,4,14.8,50,Cloudy,29.2,72.1,2937,13.9,Potholes,NightWithoutLights,High,15.2,9.6,43.0,No,No,No,Yes,No,2025,11,Tuesday,No,Yes,Early Morning,5,No,No,No,9,No,Yes,High,Minor,Yes
CHN202400165,13.119186,80.155113,Ambattur,Ambattur Industrial Estate Road,Residential,1,6.4,40,Cloudy,33.1,69.7,3935,18.7,Dry,Dawn,High,21.2,10.5,58.0,Yes,No,No,Yes,No,2023,12,Wednesday,No,No,Early Morning,5,No,No,No,0,No,No,Low,Minor,No
CHN202300166,13.035318,80.26756,Mylapore,Luz Church Road,Residential,2,5.6,30,Rainy,27.9,79.2,664,29.4,Wet,Dusk,Medium,30.7,7.1,51.0,Yes,No,No,No,Yes,2022,2,Wednesday,No,No,Evening,17,Yes,Yes,No,4,No,No,Low,Minor,No
CHN202200167,13.033416,80.158448,Porur,Mount Poonamallee Road,Residential,2,5.3,20,Sunny,37.5,47.9,4626,8.0,Dry,Daylight,Medium,37.4,7.8,32.0,No,No,No,No,No,2023,2,Monday,No,No,Morning,8,No,No,No,6,No,No,Low,Minor,No
CHN202200168,13.03931,80.21382,Vadapalani,Arcot Road,Arterial,4,13.5,60,Drizzle,25.7,74.4,1254,9.3,Wet,Dusk,Low,48.9,4.2,42.0,Yes,Yes,No,Yes,No,2025,4,Wednesday,No,No,Evening,16,No,Yes,Yes,3,No,Yes,Medium,Major,Yes
CHN202200169,12.933498,80.260615,Neelankarai,ECR,Highway,6,,60,Foggy,23.5,94.3,142,3.0,Damaged,NightWithLights,Medium,27.6,17.6,51.0,Yes,Yes,Yes,No,No,2025,8,Monday,No,No,Late Night,0,No,No,No,7,No,No,High,Fatal,Yes
CHN202500170,13.019919,80.204004,Kathipara,GST Road Flyover,Highway,4,19.1,80,Rainy,24.8,83.7,1370,10.7,Wet,Daylight,High,14.3,12.1,61.0,No,No,No,No,No,2024,2,Sunday,Yes,No,Afternoon,13,No,No,Yes,4,No,No,Medium,Fatal,No
CHN202300171,12.974535,80.217363,Velachery,Velachery Main Road,Arterial,4,11.3,40,Foggy,21.9,91.3,269,8.7,Damaged,Daylight,Medium,28.7,3.3,27.0,No,No,Yes,Yes,No,2024,8,Wednesday,No,No,Afternoon,15,No,Yes,No,2,No,No,Medium,Major,No
CHN202300172,12.918307,80.125667,Tambaram,GST Road,Highway,4,15.0,80,Cloudy,30.2,68.8,1542,11.3,Damaged,Dusk,Medium,40.6,5.9,24.0,No,No,No,Yes,No,2025,11,Monday,No,No,Evening,17,No,No,Yes,6,No,No,Low,Major,No
CHN202200173,13.076135,80.197131,Koyambedu,Poonamallee High Road,Highway,6,21.2,80,Rainy,26.2,81.5,1157,21.6,Damaged,Daylight,Low,43.2,18.3,22.0,No,No,No,No,No,2024,12,Tuesday,No,No,Evening,16,No,No,Yes,1,No,No,Medium,Fatal,No
CHN202400174,12.956856,80.245478,Perungudi,OMR,Service Road,1,4.1,30,Cloudy,27.1,72.2,3049,16.9,Dry,NightWithLights,Medium,31.4,24.7,28.0,No,No,No,No,No,2024,10,Sunday,Yes,Yes,Late Night,1,Yes,No,Yes,5,No,No,Medium,Minor,No
CHN202400175,12.942283,80.256007,Neelankarai,ECR,Residential,1,7.1,30,Cloudy,27.3,68.0,2908,16.2,Dry,Dawn,Low,43.3,8.8,15.0,Yes,Yes,No,Yes,No,2023,2,Tuesday,No,No,Early Morning,4,No,No,Yes,2,No,No,Low,Minor,No
CHN202200176,12.944441,80.234146,Thoraipakkam,OMR,Highway,8,17.6,80,Rainy,25.9,84.6,1280,24.9,Potholes,NightWithLights,High,22.6,18.1,53.0,No,No,No,No,No,2023,9,Tuesday,No,No,Night,22,No,Yes,Yes,9,No,Yes,High,Fatal,Yes
CHN202400177,13.115073,80.247284,Perambur,Paper Mills Road,Arterial,4,15.8,60,Rainy,29.3,86.9,1460,12.4,Damaged,Daylight,Severe,6.8,5.6,100.0,Yes,No,Yes,Yes,No,2024,1,Thursday,No,Yes,Afternoon,13,No,Yes,No,7,No,No,High,Major,No
CHN202300178,13.048152,80.2826,Marina,Marina Beach Road,Arterial,2,10.0,40,Sunny,31.6,63.1,3555,15.4,Potholes,NightWithLights,High,18.8,10.9,59.0,No,No,Yes,Yes,No,2025,11,Thursday,No,No,Late Night,2,No,Yes,No,3,No,No,Low,Minor,No
CHN202400179,13.015921,80.206549,Kathipara,GST Road Flyover,Flyover,4,13.4,60,Sunny,31.1,47.5,2498,13.1,Dry,Daylight,High,17.1,2.9,86.0,Yes,No,No,No,No,2024,4,Sunday,Yes,No,Afternoon,15,No,Yes,No,3,No,No,Low,Major,No
CHN202300180,13.049101,80.10065,Poonamallee,Poonamallee High Road,Arterial,2,13.0,60,Rainy,29.7,83.5,1149,23.3,Wet,Dusk,Severe,6.3,10.1,100.0,No,No,Yes,No,No,2022,10,Wednesday,No,Yes,Evening,16,No,Yes,Yes,8,No,Yes,High,Minor,Yes
CHN202300181,12.78908,80.214972,Kelambakkam,OMR Service Road,Service Road,1,5.3,20,Drizzle,26.9,82.2,1703,19.3,Potholes,Dawn,Low,51.0,22.4,34.0,No,No,Yes,No,No,2023,11,Tuesday,No,No,Early Morning,5,No,No,Yes,2,No,No,Medium,Minor,No
CHN202400182,13.055831,80.101201,Poonamallee,Poonamallee High Road,Arterial,4,15.8,50,Rainy,28.4,87.0,970,24.7,UnderConstruction,NightWithoutLights,Low,42.8,7.9,2.0,No,No,No,No,No,2022,9,Wednesday,No,No,Late Night,1,Yes,Yes,Yes,5,Yes,No,Medium,Minor,No
CHN202500183,13.113469,80.151756,Ambattur,Ambattur Industrial Estate Road,Arterial,2,10.5,50,Sunny,32.2,48.3,3976,11.8,Dry,NightWithLights,Severe,7.0,5.7,82.0,No,Yes,No,No,No,2023,10,Wednesday,No,Yes,Night,21,Yes,Yes,No,9,No,Yes,High,Major,Yes
CHN202500184,13.009605,80.258096,Adyar,LB Road,Arterial,2,17.9,50,Sunny,31.0,52.5,3817,15.2,Dry,Dusk,Medium,39.9,10.2,44.0,No,No,No,Yes,No,2024,5,Saturday,Yes,No,Evening,17,No,Yes,No,5,No,No,Low,Minor,No
CHN202200185,13.039028,80.231559,T Nagar,Anna Salai,Arterial,4,17.3,50,Foggy,25.5,80.4,133,7.7,Damaged,Dawn,Low,44.1,3.3,24.0,No,No,No,Yes,No,2024,8,Thursday,No,No,Early Morning,4,No,Yes,No,6,No,No,Medium,Minor,No
CHN202400186,12.948394,80.143117,Chrompet,GST Road,Junction,2,13.9,30,Sunny,33.0,57.4,2934,7.2,Potholes,Dawn,Medium,40.0,5.5,46.0,No,No,Yes,No,No,2024,4,Tuesday,No,Yes,Early Morning,5,No,No,Yes,7,No,No,Medium,Minor,No
CHN202200187,13.084432,80.209776,Anna Nagar,Anna Nagar 2nd Avenue,Residential,1,8.8,30,Cloudy,29.7,69.2,1853,11.3,Wet,Daylight,High,16.9,2.9,65.0,Yes,,No,No,No,2023,9,Saturday,Yes,No,Afternoon,13,No,No,No,2,No,No,Low,Minor,No
CHN202400188,13.10974,80.24416,Perambur,Paper Mills Road,Residential,1,5.1,20,Sunny,29.1,49.3,4214,16.1,Potholes,Dusk,Medium,31.7,5.2,35.0,No,No,Yes,No,No,2023,8,Sunday,Yes,No,Evening,17,Yes,No,No,3,Yes,No,Medium,Minor,No
CHN202200189,12.897231,80.229581,Sholinganallur,OMR,Highway,6,15.9,100,Sunny,35.0,63.6,4497,13.4,Damaged,Dusk,Medium,26.8,22.6,39.0,No,No,Yes,Yes,No,2023,6,Sunday,Yes,No,Evening,16,No,Yes,Yes,7,No,No,Low,Fatal,No
CHN202200190,13.08321,80.215096,Anna Nagar,Anna Nagar 2nd Avenue,Residential,1,5.7,40,Cloudy,28.2,71.3,2383,13.5,Dry,Dawn,Severe,10.2,11.2,84.0,No,No,Yes,No,No,2024,6,Tuesday,No,No,Early Morning,4,Yes,Yes,No,6,No,Yes,Medium,Minor,Yes
CHN202400191,12.959752,80.24109,Perungudi,OMR,Residential,2,7.5,30,Cloudy,30.8,56.2,3245,16.6,Dry,NightWithoutLights,Medium,26.9,3.7,40.0,Yes,No,No,No,No,2025,11,Wednesday,No,Yes,Late Night,23,Yes,Yes,Yes,3,Yes,No,Low,Minor,No
CHN202400192,13.067956,80.189429,Koyambedu,Poonamallee High Road,Junction,4,15.3,30,Sunny,29.1,62.7,4013,8.9,Dry,Daylight,Severe,6.4,4.9,85.0,Yes,No,Yes,No,Yes,2022,4,Thursday,No,No,Evening,18,No,No,No,4,No,Yes,Medium,Minor,Yes
CHN202300193,13.149528,80.227631,Madhavaram,Madhavaram High Road,Arterial,4,11.3,60,Cloudy,29.6,57.9,3994,15.4,Dry,NightWithoutLights,High,21.2,5.0,52.0,No,No,No,No,No,2023,12,Saturday,Yes,No,Early Morning,4,No,No,No,7,No,No,Low,Major,No
CHN202200194,13.088011,80.206178,Anna Nagar,Anna Nagar 2nd Avenue,Residential,1,6.7,20,Drizzle,28.5,70.9,2225,15.1,Damaged,Dawn,Medium,35.8,5.7,44.0,Yes,No,Yes,No,No,2025,5,Monday,No,Yes,Early Morning,5,Yes,No,Yes,2,No,No,Medium,Minor,No
CHN202200195,13.050776,80.283906,Marina,Marina Beach Road,Arterial,4,17.9,50,Drizzle,24.7,78.1,2111,13.2,Damaged,Daylight,Medium,30.9,4.7,50.0,No,No,No,No,No,2023,3,Saturday,Yes,No,Evening,17,No,Yes,No,3,No,No,Low,Minor,No
CHN202500196,13.066196,80.191805,Koyambedu,Poonamallee High Road,Arterial,2,14.6,40,Cloudy,30.9,67.8,2568,14.1,Dry,Dusk,Medium,39.4,4.7,20.0,Yes,No,No,No,No,2023,8,Monday,No,No,Evening,17,No,Yes,Yes,4,No,No,Low,Minor,No
CHN202300197,13.115895,80.096098,Avadi,Chennai Bypass Road,Arterial,4,10.7,50,Cloudy,30.2,71.3,3777,17.4,Dry,Dawn,Medium,29.5,10.5,51.0,No,No,Yes,Yes,No,2022,4,Thursday,No,No,Early Morning,5,No,No,Yes,1,No,No,Low,Major,No
CHN202500198,13.115668,80.231854,Perambur,Paper Mills Road,Arterial,4,15.5,50,Sunny,37.7,49.0,4120,14.9,Dry,NightWithLights,High,24.6,7.4,53.0,Yes,No,No,Yes,No,2024,4,Wednesday,No,No,Night,20,No,Yes,No,5,No,No,Low,Major,No
CHN202300199,13.111934,80.238336,Perambur,Paper Mills Road,Arterial,4,12.0,50,Sunny,34.5,58.2,4918,10.9,Dry,Dusk,High,21.2,10.0,32.0,Yes,No,No,Yes,No,2023,4,Thursday,No,No,Evening,17,No,Yes,No,5,No,No,Low,Minor,No
CHN202500200,12.982706,80.215814,Velachery,Velachery Main Road,Arterial,4,13.9,40,Rainy,25.2,79.8,1309,24.8,Damaged,NightWithLights,Low,41.9,7.9,27.0,No,Yes,Yes,Yes,No,2025,6,Monday,No,No,Late Night,23,Yes,No,No,2,No,No,High,Major,No
CHN202400201,13.145567,80.237717,Madhavaram,Madhavaram High Road,Residential,2,7.1,40,Sunny,30.5,52.7,3967,12.6,Dry,NightWithLights,High,16.4,3.9,56.0,No,No,No,Yes,No,2023,5,Friday,No,No,Night,22,No,No,No,1,No,No,Low,Minor,No
CHN202400202,13.14419,80.229121,Madhavaram,Madhavaram High Road,Residential,1,5.7,30,Sunny,35.9,50.9,3671,5.9,Dry,Daylight,Medium,26.2,3.7,38.0,No,No,No,No,No,2022,4,Monday,No,No,Morning,9,No,No,No,2,No,No,Low,Minor,No
CHN202200203,13.052216,80.094222,Poonamallee,Poonamallee High Road,Arterial,2,15.5,60,Sunny,37.1,55.2,4545,6.1,Dry,Daylight,Low,44.1,11.0,11.0,No,No,No,No,No,2024,3,Tuesday,No,No,Morning,7,No,No,No,8,No,Yes,Low,Minor,Yes
CHN202200204,12.938439,80.251958,Neelankarai,ECR,Service Road,1,7.1,30,Cloudy,32.7,71.8,2969,19.6,Damaged,Daylight,Medium,39.9,11.6,75.0,No,Yes,Yes,No,No,2024,2,Wednesday,No,Yes,Morning,6,No,No,No,4,No,Yes,Low,Minor,Yes
CHN202200205,13.010372,80.26098,Adyar,LB Road,Arterial,4,16.7,50,Drizzle,25.0,82.9,2462,15.7,Damaged,NightWithoutLights,High,18.2,9.1,75.0,No,No,Yes,No,No,2025,11,Saturday,Yes,No,Late Night,0,Yes,Yes,Yes,7,No,No,High,Major,No
CHN202400206,13.109162,80.091469,Avadi,Chennai Bypass Road,Highway,4,22.2,100,Sunny,33.6,47.0,3017,5.8,Dry,Daylight,Low,42.4,14.0,40.0,No,Yes,Yes,No,No,2025,6,Monday,No,No,Morning,10,Yes,Yes,No,2,No,No,Medium,Fatal,No
CHN202400207,13.10968,80.2323,Perambur,Paper Mills Road,Arterial,4,13.0,50,Rainy,25.2,93.9,727,18.4,Damaged,Daylight,High,23.8,4.6,70.0,No,No,Yes,No,No,2025,6,Sunday,Yes,No,Morning,9,No,Yes,Yes,4,No,No,Medium,Major,No
CHN202400208,12.99793,80.250833,Adyar,LB Road,Service Road,1,5.0,20,Sunny,34.5,49.7,2667,10.0,Wet,NightWithoutLights,High,23.8,15.8,56.0,Yes,No,No,No,No,2025,3,Tuesday,No,No,Night,21,No,No,No,7,Yes,No,High,Major,No
CHN202300209,12.944945,80.239863,Thoraipakkam,OMR,Highway,4,23.8,60,Cloudy,29.1,62.4,2494,12.0,Dry,Dusk,High,27.8,6.3,71.0,No,No,Yes,No,No,2025,2,Sunday,Yes,No,Evening,16,No,No,Yes,5,No,No,Low,Major,No
CHN202200210,12.899104,80.228409,Sholinganallur,OMR,Flyover,2,13.7,80,Sunny,38.4,48.4,2464,6.0,Dry,Daylight,High,26.3,8.9,75.0,Yes,No,Yes,No,No,2022,7,Wednesday,No,No,Afternoon,11,No,Yes,No,6,No,No,Medium,Major,No
CHN202500211,12.920654,80.255469,Injambakkam,ECR,Flyover,2,10.8,70,Sunny,34.0,47.1,2503,10.2,Potholes,NightWithLights,Medium,32.5,8.9,62.0,No,No,Yes,No,Yes,2023,12,Saturday,Yes,No,Late Night,23,No,Yes,Yes,3,No,No,Medium,Fatal,No
CHN202300212,12.920837,80.124171,Tambaram,GST Road,Highway,6,23.2,100,Sunny,33.3,45.7,3632,5.8,Potholes,Daylight,High,16.6,8.8,54.0,No,Yes,No,Yes,No,2025,3,Saturday,Yes,No,Afternoon,15,Yes,Yes,No,6,No,Yes,High,Fatal,No
CHN202400213,13.047057,80.104389,Poonamallee,Poonamallee High Road,Arterial,4,15.4,40,Foggy,21.0,83.1,365,5.9,Dry,NightWithoutLights,Low,42.9,7.5,8.0,Yes,No,No,No,No,2024,11,Monday,No,No,Late Night,0,No,Yes,Yes,2,No,No,Low,Major,No
CHN202400214,13.052643,80.1008,Poonamallee,Poonamallee High Road,Arterial,4,15.6,40,Cloudy,30.8,70.1,3956,17.5,Dry,Dusk,High,20.4,8.8,42.0,No,No,No,Yes,No,2024,11,Friday,No,No,Evening,16,No,No,Yes,10,Yes,Yes,Medium,Minor,Yes
CHN202500215,12.789346,80.216815,Kelambakkam,OMR Service Road,Flyover,4,9.0,80,Sunny,32.2,53.3,4591,5.3,Dry,Dusk,Low,,2.8,7.0,No,No,No,No,No,2023,10,Sunday,Yes,Yes,Evening,18,No,No,No,2,No,No,Low,Major,No
CHN202500216,12.937666,80.258924,Neelankarai,ECR,Highway,4,21.9,80,Sunny,37.1,45.4,2522,15.8,Dry,NightWithoutLights,High,23.8,23.6,61.0,No,No,No,No,No,2025,7,Sunday,Yes,Yes,Night,20,No,Yes,Yes,5,No,No,Medium,Fatal,No
CHN202300217,13.038133,80.151223,Porur,Mount Poonamallee Road,Arterial,4,17.4,40,Cloudy,27.7,67.3,2414,19.6,Dry,Daylight,Medium,30.9,2.4,71.0,Yes,No,No,Yes,No,2022,11,Monday,No,No,Afternoon,11,Yes,Yes,Yes,8,Yes,Yes,Low,Minor,Yes
CHN202500218,12.933665,80.260353,Neelankarai,ECR,Flyover,2,13.2,60,Sunny,37.7,49.9,3246,9.8,Potholes,NightWithoutLights,Medium,27.1,7.2,44.0,Yes,No,No,No,No,2022,10,Wednesday,No,No,Late Night,1,No,Yes,Yes,2,No,No,Medium,Major,No
CHN202400219,13.120563,80.156594,Ambattur,Ambattur Industrial Estate Road,Residential,2,7.6,30,Sunny,33.1,55.7,2151,8.9,UnderConstruction,Dawn,Medium,35.2,3.5,52.0,No,No,Yes,Yes,No,2024,12,Tuesday,No,No,Early Morning,4,No,Yes,No,2,Yes,No,Low,Minor,No
CHN202500220,12.921404,80.12843,Tambaram,GST Road,Arterial,4,10.0,50,Sunny,33.8,50.2,3177,12.0,Dry,Daylight,Medium,31.6,8.8,48.0,Yes,No,No,Yes,No,2023,3,Monday,No,No,Evening,16,Yes,Yes,Yes,7,No,No,Low,Minor,No
CHN202300221,13.113291,80.15766,Ambattur,Ambattur Industrial Estate Road,Residential,2,5.7,20,Rainy,28.7,88.4,1231,23.9,Wet,Daylight,Low,45.5,2.3,18.0,No,No,Yes,Yes,Yes,2024,10,Wednesday,No,Yes,Afternoon,14,No,Yes,Yes,0,No,No,Low,Minor,No
CHN202500222,13.079152,80.264121,Egmore,Mount Road,Arterial,2,10.3,50,Rainy,24.8,90.7,1158,10.1,Dry,Daylight,Low,49.6,6.9,5.0,No,No,No,No,No,2022,8,Monday,No,No,Afternoon,12,Yes,Yes,Yes,5,No,No,Low,Minor,No
CHN202400223,13.149302,80.241115,Madhavaram,Madhavaram High Road,Arterial,4,15.6,60,Rainy,27.3,89.5,796,25.8,Potholes,Daylight,Medium,36.7,8.0,65.0,Yes,No,No,Yes,No,2025,3,Tuesday,No,No,Morning,6,No,Yes,Yes,8,Yes,Yes,High,Minor,Yes
CHN202300224,12.946558,80.241694,Thoraipakkam,OMR,Highway,6,17.3,100,Foggy,25.1,86.0,310,6.5,Dry,Daylight,Medium,31.3,10.6,63.0,Yes,No,No,No,Yes,2023,8,Friday,No,No,Morning,8,No,No,No,9,No,Yes,Medium,Fatal,Yes
CHN202400225,12.794154,80.223236,Kelambakkam,OMR Service Road,Service Road,2,4.3,30,Sunny,34.7,52.8,2244,13.4,Damaged,NightWithoutLights,High,21.3,16.9,51.0,No,No,No,No,No,2022,3,Wednesday,No,No,Late Night,23,Yes,No,No,4,No,No,Medium,Minor,No
CHN202200226,13.044538,80.232627,T Nagar,Anna Salai,Arterial,4,15.2,50,Foggy,20.1,93.9,57,4.4,Potholes,Dawn,Severe,9.4,2.2,96.0,No,Yes,Yes,No,No,2024,5,Thursday,No,No,Early Morning,4,No,No,No,5,No,No,High,Major,No
CHN202400227,12.954165,80.150866,Chrompet,GST Road,Arterial,4,13.5,40,Sunny,34.0,57.4,3216,10.6,Dry,NightWithLights,Severe,6.3,6.4,97.0,No,No,No,Yes,No,2022,11,Sunday,Yes,Yes,Night,21,No,Yes,No,5,No,No,Medium,Major,No
CHN202400228,12.786527,80.221162,Kelambakkam,OMR Service Road,Flyover,2,8.9,60,Cloudy,29.3,74.4,2686,12.5,Wet,NightWithLights,High,16.5,5.7,58.0,Yes,No,Yes,No,No,2024,8,Wednesday,No,No,Night,21,No,Yes,No,2,Yes,No,Medium,Major,No
CHN202200229,13.053838,80.281588,Marina,Marina Beach Road,Junction,4,17.5,30,Drizzle,24.2,77.0,2299,10.5,Wet,NightWithLights,Severe,8.3,10.7,97.0,Yes,No,Yes,Yes,No,2025,12,Monday,No,No,Night,20,No,No,Yes,9,No,No,High,Minor,No
CHN202500230,13.057036,80.098204,Poonamallee,Poonamallee High Road,Residential,2,5.1,20,Sunny,38.2,53.0,4662,11.0,Dry,Dusk,Low,39.2,8.1,,No,Yes,Yes,No,No,2025,5,Wednesday,No,No,Evening,18,Yes,No,No,4,No,No,Low,Minor,No
CHN202200231,13.004599,80.264735,Adyar,LB Road,Arterial,2,14.8,50,Sunny,31.2,51.4,3991,13.8,Damaged,Daylight,Low,42.4,6.7,37.0,No,Yes,Yes,Yes,No,2022,5,Saturday,Yes,No,Afternoon,13,No,Yes,Yes,2,No,No,Low,Major,No
CHN202200232,13.067205,80.201834,Koyambedu,Poonamallee High Road,Junction,4,14.8,40,Rainy,28.4,79.0,838,26.2,Wet,NightWithLights,High,20.9,7.7,42.0,No,No,No,No,No,2024,6,Saturday,Yes,No,Night,22,No,No,Yes,6,No,No,High,Major,No
CHN202300233,13.083821,80.207339,Anna Nagar,Anna Nagar 2nd Avenue,Arterial,2,15.4,40,Rainy,25.4,84.0,741,12.3,Wet,Daylight,Severe,18.8,3.1,91.0,Yes,No,Yes,No,No,2024,7,Tuesday,No,No,Afternoon,12,No,Yes,No,4,No,No,Medium,Minor,No
CHN202500234,12.905017,80.226558,Sholinganallur,OMR,Highway,6,15.0,80,Drizzle,27.8,87.7,2068,16.5,Potholes,Daylight,Medium,33.0,14.7,55.0,Yes,No,Yes,Yes,No,2024,8,Thursday,No,No,Afternoon,13,No,Yes,Yes,6,Yes,No,Medium,Major,Yes
CHN202500235,13.089747,80.221011,Anna Nagar,Anna Nagar 2nd Avenue,Flyover,4,10.0,60,Rainy,24.3,91.5,1496,25.5,Potholes,Dawn,Severe,20.7,5.1,78.0,No,No,No,No,No,2023,8,Saturday,Yes,No,Early Morning,4,No,Yes,Yes,8,No,No,High,Major,No
CHN202300236,13.072816,80.208544,Koyambedu,Poonamallee High Road,Junction,4,18.5,30,Rainy,26.8,92.1,1388,27.4,Wet,NightWithoutLights,Severe,14.6,11.3,79.0,No,No,No,Yes,No,2022,8,Friday,No,Yes,Night,22,No,No,Yes,9,Yes,Yes,High,Minor,Yes
CHN202400237,13.045597,80.154823,Porur,Mount Poonamallee Road,Residential,1,8.2,30,Sunny,34.7,45.3,3396,16.0,Potholes,Daylight,High,22.3,11.4,56.0,No,No,No,Yes,No,2025,3,Friday,No,No,Evening,17,Yes,No,Yes,1,No,No,Low,Minor,No
CHN202400238,13.046714,80.214591,Vadapalani,Arcot Road,Residential,1,7.2,30,Sunny,29.5,45.1,4508,7.6,Dry,Dawn,High,15.0,9.3,60.0,No,No,No,No,No,2023,11,Sunday,Yes,Yes,Early Morning,5,No,No,No,7,No,No,Low,Minor,No
CHN202400239,12.794933,80.216828,Kelambakkam,OMR Service Road,Service Road,1,5.9,30,Cloudy,33.5,64.6,2786,18.6,Damaged,Daylight,High,18.2,9.2,46.0,No,No,No,No,No,2022,12,Monday,No,No,Morning,7,No,No,No,5,No,No,Medium,Major,No
CHN202400240,13.04568,80.208767,Vadapalani,Arcot Road,Arterial,4,14.2,60,Sunny,29.3,56.4,2609,12.9,Damaged,Dusk,Medium,24.9,6.5,35.0,No,No,Yes,No,No,2022,9,Wednesday,No,No,Evening,16,No,No,No,5,No,No,Low,Major,Yes
CHN202500241,12.97844,80.218991,Velachery,Velachery Main Road,Arterial,2,14.7,60,Foggy,20.2,84.9,105,9.8,Dry,NightWithoutLights,High,13.7,2.2,69.0,Yes,No,No,No,No,2022,12,Thursday,No,No,Night,22,No,No,Yes,11,No,Yes,High,Minor,Yes
CHN202500242,13.042889,80.218649,Vadapalani,Arcot Road,Arterial,4,11.7,50,Cloudy,31.0,58.7,3307,8.9,Dry,Daylight,Severe,9.4,5.6,83.0,No,Yes,No,No,Yes,2022,4,Monday,No,No,Morning,8,Yes,Yes,No,11,Yes,No,Medium,Minor,No
CHN202500243,13.042427,80.231903,T Nagar,Anna Salai,Junction,4,11.5,50,Sunny,35.3,47.1,2438,5.3,Dry,Daylight,Low,41.2,8.3,26.0,No,No,Yes,No,Yes,2022,7,Thursday,No,No,Morning,9,Yes,No,Yes,4,No,No,Low,Minor,No
CHN202400244,13.118346,80.236273,Perambur,Paper Mills Road,Arterial,2,14.2,60,Sunny,36.2,46.9,4739,13.3,Dry,Daylight,Medium,32.5,4.0,41.0,No,No,Yes,No,No,2022,3,Saturday,Yes,No,Morning,8,No,Yes,No,3,No,Yes,Medium,Minor,Yes
CHN202300245,13.110862,80.241616,Perambur,Paper Mills Road,Flyover,4,12.7,80,Sunny,32.6,64.0,3983,15.3,UnderConstruction,NightWithLights,High,23.6,5.0,53.0,No,Yes,No,No,No,2023,8,Wednesday,No,No,Night,19,No,Yes,No,4,Yes,No,Medium,Major,Yes
CHN202200246,13.003568,80.217025,Guindy,GST Road,Highway,4,21.6,60,Rainy,24.5,89.8,1458,29.9,Potholes,Daylight,Severe,12.3,13.0,100.0,Yes,No,No,No,No,2025,7,Tuesday,No,No,Afternoon,15,Yes,No,Yes,3,No,No,Medium,Major,No
CHN202300247,13.087615,80.205947,Anna Nagar,Anna Nagar 2nd Avenue,Residential,1,6.7,20,Sunny,29.6,47.3,4933,8.6,Dry,Daylight,High,21.9,10.6,71.0,No,Yes,No,Yes,No,2023,10,Friday,No,No,Morning,6,Yes,No,No,3,No,No,Low,Minor,Yes
CHN202500248,13.073069,80.265326,Egmore,Mount Road,Arterial,2,14.7,40,Sunny,35.2,58.2,3531,10.0,Dry,Daylight,High,18.8,10.4,59.0,Yes,No,No,Yes,Yes,2024,9,Saturday,Yes,No,Morning,10,No,No,No,4,Yes,No,Low,Minor,No
CHN202500249,13.145768,80.236941,Madhavaram,Madhavaram High Road,Arterial,4,15.8,50,Rainy,24.6,77.4,1088,23.9,Potholes,Daylight,Medium,31.1,4.1,41.0,No,No,No,Yes,No,2025,7,Wednesday,No,No,Afternoon,11,Yes,Yes,No,2,Yes,No,High,Major,No
CHN202400250,13.002523,80.216276,Guindy,GST Road,Flyover,2,10.6,80,Sunny,32.8,57.6,2166,17.6,Dry,Daylight,Severe,7.6,6.5,100.0,No,Yes,No,No,No,2025,1,Friday,No,No,Morning,6,No,No,Yes,3,No,No,Medium,Fatal,No
CHN202300251,12.986882,80.220779,Velachery,Velachery Main Road,Arterial,2,14.4,60,Sunny,32.8,45.7,2762,14.1,Dry,Dusk,High,20.8,7.0,70.0,Yes,No,Yes,No,Yes,2022,7,Monday,No,No,Evening,18,Yes,No,Yes,4,No,No,Medium,Minor,No
CHN202400252,12.969968,80.248677,Perungudi,OMR,Highway,6,17.5,60,Foggy,24.5,93.9,63,9.3,Dry,NightWithLights,High,24.8,23.4,67.0,Yes,No,No,No,No,2024,11,Wednesday,No,No,Night,21,No,No,Yes,4,No,No,Medium,Major,No
CHN202400253,12.950396,80.150947,Chrompet,GST Road,Arterial,4,10.3,40,Drizzle,27.3,70.6,2150,15.1,Wet,Dawn,Medium,33.8,9.7,,No,No,Yes,No,No,2024,1,Tuesday,No,No,Early Morning,5,Yes,No,Yes,1,No,No,Low,Minor,No
CHN202300254,13.071052,80.253866,Egmore,Mount Road,Arterial,4,12.7,50,Cloudy,28.0,74.5,1538,8.1,Dry,Dusk,Severe,4.0,8.4,79.0,Yes,No,No,Yes,No,2022,7,Sunday,Yes,No,Evening,17,Yes,No,No,9,No,Yes,Medium,Minor,Yes
CHN202400255,12.965152,80.234667,Perungudi,OMR,Residential,1,5.1,30,Sunny,33.0,64.6,2543,9.1,Damaged,Dawn,High,21.2,4.7,57.0,No,Yes,Yes,Yes,No,2022,2,Wednesday,No,No,Early Morning,5,Yes,No,Yes,4,No,No,Medium,Minor,No
CHN202500256,13.111466,80.24258,Perambur,Paper Mills Road,Arterial,4,15.0,50,Sunny,33.7,57.7,3284,17.5,Damaged,Dusk,High,15.8,2.1,51.0,No,No,No,No,No,2022,4,Friday,No,No,Evening,17,Yes,Yes,No,7,No,No,Medium,Minor,No
CHN202200257,13.078466,80.260148,Egmore,Mount Road,Arterial,2,17.7,50,Rainy,28.2,91.6,494,19.9,Damaged,NightWithLights,Low,48.2,,17.0,Yes,No,No,No,No,2024,8,Monday,No,No,Night,19,No,Yes,No,3,No,No,Medium,Minor,No
CHN202500258,13.149893,80.226748,Madhavaram,Madhavaram High Road,Arterial,2,11.8,40,Sunny,30.6,51.0,2033,17.4,Dry,NightWithoutLights,High,25.4,9.4,52.0,No,No,Yes,Yes,No,2023,10,Monday,No,Yes,Late Night,0,Yes,Yes,No,5,Yes,No,High,Major,Yes
CHN202300259,13.008977,80.260484,Adyar,LB Road,Highway,6,17.8,80,Sunny,38.5,63.1,4479,16.6,Dry,Dawn,Medium,25.4,19.6,30.0,No,No,No,No,No,2024,10,Sunday,Yes,Yes,Early Morning,4,Yes,Yes,No,3,No,No,Low,Major,No
CHN202300260,13.115615,80.2433,Perambur,Paper Mills Road,Arterial,4,15.2,60,Sunny,33.9,59.0,3705,11.7,Dry,NightWithLights,High,26.1,8.9,72.0,Yes,Yes,No,No,No,2025,1,Thursday,No,Yes,Late Night,0,No,No,No,2,No,No,Medium,Major,No
CHN202300261,13.073905,80.264496,Egmore,Mount Road,Arterial,4,12.4,40,Sunny,32.4,51.3,4356,5.6,Dry,Daylight,Severe,10.9,5.2,69.0,No,No,No,No,No,2022,8,Sunday,Yes,No,Morning,10,No,No,Yes,10,No,Yes,Medium,Major,Yes
CHN202300262,13.015265,80.219175,Guindy,GST Road,Flyover,4,9.2,60,Foggy,25.4,89.0,94,4.4,Damaged,Daylight,High,22.6,7.8,61.0,No,No,No,No,No,2025,11,Wednesday,No,Yes,Afternoon,13,No,No,No,2,No,No,Medium,Minor,No
CHN202200263,13.07931,80.262471,Egmore,Mount Road,Arterial,4,13.3,60,Cloudy,28.6,66.6,2045,8.0,Dry,Daylight,High,23.9,2.1,64.0,Yes,No,No,No,No,2023,5,Tuesday,No,No,Afternoon,11,No,No,Yes,8,No,Yes,Medium,Minor,Yes
CHN202500264,13.086664,80.20606,Anna Nagar,Anna Nagar 2nd Avenue,Residential,2,7.2,20,Rainy,24.5,79.4,1250,18.7,Wet,Dawn,High,15.0,4.6,60.0,No,Yes,No,No,Yes,2025,1,Thursday,No,Yes,Early Morning,5,No,No,No,1,No,No,Medium,Minor,No
CHN202200265,13.05086,80.104137,Poonamallee,Poonamallee High Road,Arterial,2,17.2,60,Drizzle,24.8,79.1,1794,10.9,Wet,Daylight,Medium,30.3,3.3,32.0,No,No,No,No,No,2025,12,Friday,No,No,Evening,16,No,Yes,Yes,5,No,No,Low,Minor,No
CHN202400266,12.933683,80.125849,Tambaram,GST Road,Arterial,4,17.3,50,Sunny,32.8,64.8,3856,12.1,Dry,Daylight,Medium,31.3,9.9,50.0,Yes,No,No,No,No,2025,12,Monday,No,Yes,Morning,9,No,No,No,5,Yes,No,Low,Minor,No
CHN202200267,13.055532,80.282717,Marina,Marina Beach Road,Arterial,4,13.5,40,Foggy,25.8,80.9,328,7.2,Dry,NightWithLights,Medium,35.4,6.4,43.0,No,No,Yes,No,No,2023,1,Tuesday,No,No,Late Night,2,No,Yes,Yes,4,No,No,Medium,Minor,No
CHN202500268,12.933008,80.255268,Neelankarai,ECR,Highway,4,20.5,80,Drizzle,28.5,83.5,832,14.7,Potholes,NightWithoutLights,Medium,34.5,11.9,56.0,No,Yes,Yes,No,No,2023,11,Friday,No,Yes,Early Morning,4,No,No,Yes,6,No,No,High,Major,No
CHN202200269,13.041154,80.231484,T Nagar,Anna Salai,Arterial,2,16.4,60,Sunny,34.2,61.2,2576,13.2,Dry,NightWithoutLights,Medium,28.2,,29.0,No,No,No,No,No,2025,4,Tuesday,No,No,Late Night,23,No,Yes,No,6,No,No,Medium,Major,No
CHN202500270,13.062085,80.187915,Koyambedu,Poonamallee High Road,Junction,2,19.0,40,Rainy,29.2,90.8,818,12.4,Wet,NightWithoutLights,Low,45.2,3.4,18.0,No,No,Yes,No,No,2025,12,Saturday,Yes,No,Night,22,No,No,No,6,No,No,Medium,Major,No
CHN202200271,13.117858,80.100643,Avadi,Chennai Bypass Road,Service Road,1,6.8,40,Rainy,29.9,87.7,685,20.0,Potholes,Dusk,High,20.7,11.7,53.0,No,No,No,No,No,2023,7,Saturday,Yes,No,Evening,16,No,No,No,2,No,No,Medium,Minor,No
CHN202400272,13.046936,80.282856,Marina,Marina Beach Road,Arterial,4,16.0,40,Sunny,34.0,61.6,4442,16.0,Wet,Daylight,Severe,6.0,4.2,76.0,No,Yes,No,No,No,2024,9,Sunday,Yes,No,Evening,17,No,Yes,Yes,11,No,Yes,Medium,Minor,Yes
CHN202300273,13.118918,80.156035,Ambattur,Ambattur Industrial Estate Road,Residential,1,8.9,40,Rainy,27.7,90.5,1375,20.4,Dry,Daylight,Medium,29.9,9.2,31.0,No,No,No,Yes,No,2025,12,Thursday,No,No,Morning,9,No,No,No,1,No,No,Low,Minor,No
CHN202300274,12.794371,80.223075,Kelambakkam,OMR Service Road,Service Road,2,7.6,20,Rainy,25.3,91.5,1062,15.9,Wet,Daylight,Medium,35.4,8.0,52.0,No,No,No,No,No,2023,2,Saturday,Yes,Yes,Evening,17,No,No,Yes,3,No,No,Medium,Minor,No
CHN202500275,13.040164,80.15554,Porur,Mount Poonamallee Road,Arterial,2,12.5,60,Foggy,20.6,84.5,258,2.5,Dry,Dusk,Medium,24.3,5.0,53.0,No,Yes,Yes,No,No,2023,4,Thursday,No,No,Evening,17,No,No,Yes,7,No,No,Medium,Major,No
CHN202200276,13.120839,80.102265,Avadi,Chennai Bypass Road,Arterial,2,15.8,60,Cloudy,28.7,71.1,2036,18.9,Damaged,Daylight,Medium,26.3,11.0,39.0,No,No,No,No,No,2025,10,Thursday,No,Yes,Afternoon,11,No,Yes,Yes,2,No,No,Low,Major,No
CHN202400277,13.031578,80.267995,Mylapore,Luz Church Road,Highway,6,16.3,80,Sunny,36.8,47.1,4571,15.0,Potholes,Daylight,Medium,28.3,10.8,46.0,Yes,No,No,No,No,2025,3,Monday,No,No,Afternoon,15,No,Yes,Yes,3,No,No,Low,Major,No
CHN202400278,13.055588,80.284538,Marina,Marina Beach Road,Arterial,4,15.2,60,Drizzle,26.1,81.1,2164,8.0,Wet,NightWithoutLights,Low,38.6,11.2,24.0,No,No,Yes,No,No,2024,6,Wednesday,No,No,Night,22,No,Yes,No,10,No,Yes,High,Major,Yes
CHN202400279,13.069866,80.197801,Koyambedu,Poonamallee High Road,Highway,6,18.9,100,Sunny,30.9,64.3,4067,12.0,Dry,NightWithoutLights,High,22.6,13.0,45.0,No,No,No,Yes,No,2024,10,Friday,No,Yes,Late Night,1,No,Yes,Yes,4,No,No,High,Fatal,Yes
CHN202400280,13.1149,80.148942,Ambattur,Ambattur Industrial Estate Road,Junction,4,15.4,50,Rainy,24.2,92.6,1462,24.8,Wet,Daylight,Severe,4.0,10.5,80.0,No,No,No,No,No,2025,8,Friday,No,No,Afternoon,13,Yes,No,Yes,7,No,Yes,High,Major,Yes
CHN202200281,13.112864,80.239656,Perambur,Paper Mills Road,Service Road,2,7.6,30,Cloudy,30.9,72.0,3911,11.9,Damaged,Daylight,Medium,23.4,10.1,24.0,Yes,No,No,No,No,2023,7,Saturday,Yes,No,Evening,16,Yes,No,No,3,Yes,No,Low,Minor,No
CHN202500282,13.047773,80.099423,Poonamallee,Poonamallee High Road,Residential,2,6.3,40,Sunny,29.8,55.4,2683,14.8,Wet,Dawn,Severe,7.1,7.9,69.0,No,No,No,Yes,No,2024,8,Friday,No,No,Early Morning,5,No,Yes,No,6,No,No,Medium,Minor,No
CHN202200283,13.069105,80.193758,Koyambedu,Poonamallee High Road,Junction,4,16.5,40,Sunny,32.6,53.9,4006,16.7,Dry,Daylight,High,10.6,9.9,79.0,Yes,No,Yes,No,No,2025,1,Tuesday,No,Yes,Morning,9,No,No,Yes,4,No,No,Low,Minor,No
CHN202500284,12.933475,80.256587,Neelankarai,ECR,Highway,4,21.5,60,Sunny,38.1,62.5,2554,8.4,Dry,Dawn,Low,44.2,19.6,12.0,No,Yes,No,No,No,2024,10,Sunday,Yes,No,Early Morning,4,No,Yes,No,2,No,No,Low,Major,No
CHN202300285,13.067749,80.194951,Koyambedu,Poonamallee High Road,Junction,4,14.1,30,Rainy,27.6,88.0,1032,10.3,Wet,Daylight,High,21.7,3.2,,Yes,No,No,No,No,2022,2,Sunday,Yes,No,Afternoon,11,No,No,Yes,7,No,No,High,Major,No
CHN202400286,12.896968,80.22527,Sholinganallur,OMR,Arterial,2,18.0,40,Rainy,28.4,86.8,826,25.1,Damaged,Daylight,Medium,41.2,6.9,19.0,No,No,No,No,No,2025,1,Friday,No,No,Evening,16,No,Yes,Yes,6,No,No,Low,Minor,No
CHN202400287,12.93163,80.258254,Neelankarai,ECR,Highway,8,16.0,60,Sunny,30.3,47.5,3222,,Dry,Dawn,Medium,29.7,23.6,42.0,No,No,No,Yes,No,2024,9,Monday,No,No,Early Morning,4,No,No,No,10,No,Yes,Medium,Major,Yes
CHN202500288,13.114964,80.159296,Ambattur,Ambattur Industrial Estate Road,Residential,1,5.1,30,Sunny,32.5,51.7,3535,16.2,Dry,Daylight,Severe,15.3,11.6,100.0,No,No,Yes,Yes,No,2022,9,Thursday,No,No,Morning,7,No,No,No,5,No,No,Low,Minor,Yes
CHN202200289,13.112807,80.15454,Ambattur,Ambattur Industrial Estate Road,Residential,1,7.1,40,Sunny,30.1,61.5,3380,16.5,Dry,Daylight,High,19.4,10.1,78.0,Yes,No,Yes,No,Yes,2024,9,Sunday,Yes,No,Afternoon,13,No,No,No,3,No,No,Low,Minor,No
CHN202400290,13.07223,80.262771,Egmore,Mount Road,Arterial,4,15.6,50,Foggy,24.1,95.1,300,3.2,UnderConstruction,NightWithLights,Medium,28.2,5.7,49.0,No,Yes,Yes,Yes,No,2025,2,Wednesday,No,No,Late Night,2,No,No,No,6,Yes,No,High,Minor,Yes
CHN202200291,13.107609,80.240029,Perambur,Paper Mills Road,Arterial,2,15.8,60,Cloudy,30.8,61.7,2096,17.1,Potholes,Dawn,High,18.6,4.6,48.0,No,No,No,No,No,2023,8,Tuesday,No,Yes,Early Morning,4,No,Yes,Yes,2,Yes,No,Medium,Minor,No
CHN202400292,12.794407,80.216283,Kelambakkam,OMR Service Road,Service Road,2,7.0,20,Sunny,29.4,46.6,2161,5.3,Dry,NightWithoutLights,High,16.4,15.4,69.0,No,No,Yes,No,No,2025,11,Thursday,No,No,Late Night,3,Yes,Yes,No,0,No,No,Low,Minor,No
CHN202400293,13.047796,80.278416,Marina,Marina Beach Road,Arterial,4,12.4,50,Sunny,37.6,51.1,2813,18.0,Dry,Dusk,Medium,34.7,7.7,57.0,No,Yes,No,Yes,No,2022,9,Wednesday,No,No,Evening,16,Yes,No,No,2,No,No,Low,Minor,No
CHN202400294,13.005028,80.259695,Adyar,LB Road,Service Road,1,5.7,40,Sunny,36.0,56.8,3041,8.6,Wet,NightWithoutLights,High,22.7,9.1,68.0,No,No,No,No,No,2022,6,Friday,No,No,Late Night,0,Yes,Yes,Yes,8,No,Yes,High,Major,Yes
CHN202400295,13.035566,80.157105,Porur,Mount Poonamallee Road,Arterial,2,16.9,60,Rainy,25.3,77.3,551,18.5,Wet,Daylight,Medium,28.7,9.1,55.0,Yes,No,Yes,Yes,No,2025,9,Friday,No,No,Morning,10,Yes,No,Yes,0,Yes,No,Medium,Major,No
CHN202300296,13.007386,80.197632,Kathipara,GST Road Flyover,Flyover,2,9.7,60,Rainy,26.1,84.9,1108,26.4,Wet,NightWithoutLights,High,20.5,4.3,43.0,Yes,No,No,No,No,2022,2,Wednesday,No,No,Night,20,No,No,No,4,Yes,No,High,Fatal,Yes
CHN202400297,13.051801,80.094502,Poonamallee,Poonamallee High Road,Arterial,2,14.8,50,Rainy,24.9,94.9,1226,18.3,Wet,NightWithoutLights,Medium,37.4,6.4,24.0,No,No,No,Yes,No,2025,8,Saturday,Yes,No,Late Night,0,No,Yes,Yes,8,No,Yes,High,Major,Yes
CHN202400298,13.116651,80.093476,Avadi,Chennai Bypass Road,Arterial,4,16.6,60,Sunny,36.8,49.1,3509,6.5,Dry,Dawn,Low,51.9,5.5,45.0,No,No,Yes,No,No,2023,6,Saturday,Yes,No,Early Morning,5,Yes,Yes,No,1,No,No,Low,Minor,No
CHN202400299,12.905633,80.227967,Sholinganallur,OMR,Arterial,2,16.7,60,Rainy,28.9,82.2,1156,21.6,Wet,NightWithLights,Low,46.4,9.6,29.0,No,Yes,No,No,No,2025,5,Tuesday,No,No,Night,22,No,Yes,Yes,2,No,No,Medium,Major,No
CHN202500300,12.978848,80.217832,Velachery,Velachery Main Road,Arterial,2,14.1,50,Cloudy,28.6,55.5,1503,12.1,Dry,Dusk,High,19.5,8.3,60.0,No,No,Yes,No,No,2025,1,Thursday,No,No,Evening,16,Yes,No,No,7,No,No,Medium,Minor,No
CHN202400301,12.960179,80.248151,Perungudi,OMR,Highway,8,24.0,80,Rainy,27.9,79.7,356,19.1,Potholes,NightWithoutLights,Medium,37.7,,52.0,,Yes,Yes,No,No,2023,8,Monday,No,No,Early Morning,4,No,Yes,No,0,No,No,High,Fatal,No
CHN202400302,13.110752,80.107215,Avadi,Chennai Bypass Road,Junction,4,11.8,30,Sunny,31.5,52.4,4677,8.1,Dry,NightWithLights,Severe,13.7,10.1,73.0,No,No,Yes,No,No,2023,8,Saturday,Yes,No,Night,19,Yes,No,No,10,Yes,No,High,Minor,Yes
CHN202400303,12.974775,80.220611,Velachery,Velachery Main Road,Junction,4,14.0,50,Sunny,37.0,45.2,3459,7.0,Dry,Dusk,Medium,25.4,3.0,26.0,No,No,Yes,Yes,No,2024,2,Wednesday,No,No,Evening,18,No,No,No,14,No,Yes,Low,Minor,Yes
CHN202300304,13.004192,80.217567,Guindy,GST Road,Highway,6,22.9,80,Foggy,26.0,86.5,303,6.3,Dry,NightWithLights,Low,50.4,15.5,22.0,No,No,Yes,Yes,No,2022,4,Tuesday,No,No,Late Night,0,No,No,Yes,2,No,No,Medium,Fatal,No
CHN202300305,12.898673,80.225648,Sholinganallur,OMR,Highway,4,21.7,60,Drizzle,25.6,71.9,1208,9.0,Wet,NightWithoutLights,Low,48.4,11.0,24.0,Yes,Yes,No,No,No,2024,7,Tuesday,No,No,Night,20,No,Yes,Yes,1,No,No,Low,Major,No
CHN202200306,13.11308,80.094448,Avadi,Chennai Bypass Road,Highway,4,16.4,100,Rainy,26.7,94.1,363,27.9,Wet,Daylight,Severe,15.4,9.4,66.0,No,No,Yes,Yes,No,2023,6,Monday,No,No,Afternoon,13,No,Yes,Yes,8,No,Yes,High,Fatal,Yes
CHN202400307,13.110818,80.235045,Perambur,Paper Mills Road,Residential,1,7.2,40,Cloudy,28.0,56.8,2597,19.1,Dry,Daylight,Low,,9.0,39.0,No,No,Yes,Yes,No,2023,12,Wednesday,No,No,Evening,16,No,No,Yes,0,No,No,Low,Minor,No
CHN202300308,13.049891,80.211777,Vadapalani,Arcot Road,Arterial,2,15.4,60,Rainy,27.8,78.1,387,22.3,Wet,NightWithLights,Medium,,3.2,30.0,No,No,Yes,No,No,2022,4,Wednesday,No,No,Late Night,2,No,No,No,1,Yes,No,High,Minor,No
CHN202300309,12.963098,80.240884,Perungudi,OMR,Highway,6,14.7,80,Sunny,36.2,49.0,4842,18.0,Damaged,NightWithoutLights,Medium,28.6,22.4,36.0,No,No,No,No,No,2025,1,Friday,No,No,Late Night,0,No,No,Yes,2,No,No,Medium,Fatal,No
CHN202500310,12.980947,80.216794,Velachery,Velachery Main Road,Service Road,1,7.4,30,Sunny,38.8,45.5,3885,7.2,Damaged,Daylight,High,20.4,21.8,52.0,No,No,No,Yes,No,2023,1,Monday,No,No,Morning,6,No,No,Yes,4,No,No,Low,Minor,No
CHN202300311,13.005675,80.250631,Adyar,LB Road,Arterial,2,11.2,40,Sunny,34.4,60.2,4558,14.8,Dry,Dusk,Medium,31.3,10.0,29.0,Yes,No,No,No,Yes,2025,2,Friday,No,No,Evening,17,No,No,No,4,No,Yes,Low,Minor,Yes
CHN202400312,13.11471,80.094407,Avadi,Chennai Bypass Road,Highway,4,23.2,100,Rainy,25.5,94.4,1218,23.5,Wet,NightWithoutLights,Medium,35.2,6.7,55.0,Yes,No,Yes,Yes,No,2023,11,Wednesday,No,No,Early Morning,5,Yes,Yes,No,4,No,No,High,Fatal,No
CHN202400313,13.001529,80.216171,Guindy,GST Road,Highway,4,21.4,80,Drizzle,27.3,79.6,1916,8.6,UnderConstruction,Dawn,Medium,32.9,23.8,37.0,No,No,No,Yes,No,2025,8,Friday,No,No,Early Morning,5,No,No,Yes,2,Yes,No,Medium,Major,No
CHN202400314,13.147922,80.235974,Madhavaram,Madhavaram High Road,Service Road,1,7.7,30,Sunny,33.8,58.5,3101,16.0,Dry,Daylight,Low,34.8,12.9,24.0,Yes,No,Yes,Yes,No,2023,7,Thursday,No,No,Evening,16,No,No,Yes,1,Yes,No,Low,Minor,No
CHN202500315,12.980205,80.206402,Velachery,Velachery Main Road,Junction,4,11.5,30,Drizzle,25.2,85.7,1655,14.5,Damaged,NightWithLights,Severe,4.0,2.5,76.0,No,Yes,No,No,No,2022,6,Sunday,Yes,No,Night,20,Yes,No,Yes,7,No,Yes,High,Major,Yes
CHN202200316,13.000285,80.221438,Guindy,GST Road,Highway,6,18.2,80,Sunny,34.6,52.6,2563,12.6,Damaged,Dusk,Medium,38.9,12.5,37.0,Yes,No,No,No,No,2023,7,Wednesday,No,Yes,Evening,18,No,No,No,9,No,Yes,Medium,Major,Yes
CHN202500317,13.047977,80.099418,Poonamallee,Poonamallee High Road,Arterial,2,15.2,60,Drizzle,26.2,74.7,2250,9.6,UnderConstruction,Daylight,Low,42.2,10.4,17.0,No,No,Yes,No,No,2024,1,Thursday,No,Yes,Morning,10,No,No,Yes,6,Yes,No,Low,Minor,Yes
CHN202200318,13.004349,80.198975,Kathipara,GST Road Flyover,Flyover,4,12.7,60,Sunny,31.5,49.3,4199,7.8,Dry,NightWithLights,Severe,4.0,10.6,82.0,No,Yes,No,No,No,2023,9,Wednesday,No,No,Night,19,Yes,Yes,No,0,No,No,High,Major,No
CHN202400319,13.055152,80.281433,Marina,Marina Beach Road,Arterial,2,11.7,60,Sunny,31.4,62.7,3730,5.6,Damaged,Daylight,High,17.0,7.1,60.0,No,No,Yes,Yes,No,2024,3,Friday,No,Yes,Evening,18,No,No,Yes,2,No,No,Medium,Minor,No
CHN202400320,13.038093,80.152976,Porur,Mount Poonamallee Road,Arterial,4,12.3,50,Foggy,24.0,85.8,243,2.7,Dry,Daylight,Medium,34.7,5.8,25.0,No,No,No,No,No,2023,10,Thursday,No,Yes,Morning,8,No,Yes,Yes,7,No,No,Medium,Minor,Yes
CHN202500321,12.892547,80.229408,Sholinganallur,OMR,Highway,8,16.8,80,Sunny,30.8,57.1,4253,13.3,Dry,Daylight,High,20.7,22.4,56.0,No,No,No,No,No,2022,6,Thursday,No,No,Morning,8,No,Yes,No,6,No,No,Low,Fatal,No
CHN202500322,12.942594,80.237231,Thoraipakkam,OMR,Highway,6,16.8,100,Rainy,28.7,90.4,1000,28.8,Wet,Dusk,High,24.0,13.8,51.0,Yes,No,Yes,No,No,2024,10,Tuesday,No,No,Evening,17,No,Yes,Yes,4,No,No,High,Fatal,No
CHN202300323,12.903586,80.2285,Sholinganallur,OMR,Highway,4,21.3,100,Sunny,38.5,51.5,3673,14.1,Dry,NightWithLights,Medium,28.8,7.8,62.0,No,,Yes,Yes,No,2024,9,Tuesday,No,No,Night,20,No,No,Yes,1,Yes,No,Low,Major,No
CHN202300324,12.94036,80.239959,Thoraipakkam,OMR,Highway,8,16.9,80,Rainy,28.2,90.0,1227,20.8,Wet,Dawn,High,11.4,8.1,55.0,No,No,No,Yes,No,2024,6,Friday,No,No,Early Morning,4,Yes,Yes,No,3,No,Yes,High,Major,Yes
CHN202500325,12.947239,80.237314,Thoraipakkam,OMR,Highway,6,23.3,60,Sunny,37.6,60.6,4982,9.1,Potholes,Daylight,Medium,27.6,21.9,71.0,Yes,No,Yes,No,No,2024,9,Saturday,Yes,No,Afternoon,12,Yes,Yes,Yes,4,No,No,Medium,Major,No
CHN202500326,13.015853,80.199084,Kathipara,GST Road Flyover,Flyover,2,11.6,60,Cloudy,28.9,68.9,1570,13.6,Dry,NightWithLights,Low,38.7,7.8,27.0,No,No,Yes,No,No,2023,4,Thursday,No,No,Night,22,No,Yes,No,1,No,No,Low,Major,No
CHN202300327,13.037862,80.153888,Porur,Mount Poonamallee Road,Junction,2,16.4,30,Drizzle,28.6,87.1,1298,18.0,Damaged,Dawn,Severe,14.0,7.3,95.0,Yes,No,,No,No,2022,11,Tuesday,No,Yes,Early Morning,4,No,Yes,No,9,No,Yes,High,Minor,Yes
CHN202400328,12.941651,80.238461,Thoraipakkam,OMR,Highway,8,19.7,80,Drizzle,25.1,73.2,1710,14.0,Potholes,Daylight,Medium,31.3,17.6,45.0,Yes,Yes,No,No,No,2024,9,Tuesday,No,No,Evening,16,Yes,Yes,No,3,No,No,Low,Major,No
CHN202500329,13.056315,80.211912,Vadapalani,Arcot Road,Flyover,2,11.9,60,Sunny,35.9,51.4,4599,16.9,Potholes,Dawn,Medium,21.3,,64.0,No,No,No,No,No,2025,11,Thursday,No,No,Early Morning,4,Yes,No,No,4,No,Yes,Medium,Major,Yes
CHN202300330,13.049641,80.216545,Vadapalani,Arcot Road,Arterial,4,12.3,50,Cloudy,33.5,58.6,2011,19.4,Dry,Daylight,High,23.0,6.7,62.0,No,No,Yes,Yes,No,2024,7,Monday,No,Yes,Morning,10,No,No,Yes,7,No,No,Low,Minor,No
CHN202200331,13.036189,80.26758,Mylapore,Luz Church Road,Residential,2,8.4,20,Cloudy,32.5,70.4,2722,16.8,Dry,Daylight,Medium,45.0,2.3,65.0,Yes,No,No,Yes,No,2023,1,Friday,No,Yes,Morning,7,Yes,No,No,2,No,No,Low,Minor,No
CHN202300332,13.147204,80.2367,Madhavaram,Madhavaram High Road,Residential,1,8.5,30,Rainy,27.3,82.7,1144,25.7,Wet,NightWithLights,Medium,27.9,8.1,37.0,No,No,Yes,Yes,No,2023,8,Tuesday,No,No,Late Night,1,No,No,No,1,No,No,Medium,Minor,Yes
CHN202300333,12.946885,80.237755,Thoraipakkam,OMR,Highway,4,15.2,60,Sunny,36.0,63.6,3864,6.3,UnderConstruction,Daylight,High,28.7,20.6,45.0,No,No,No,Yes,No,2025,7,Thursday,No,No,Afternoon,12,Yes,Yes,Yes,1,Yes,No,Low,Major,No
CHN202300334,12.92046,80.133136,Tambaram,GST Road,Service Road,1,7.1,40,Sunny,35.3,58.2,2437,12.2,Dry,Daylight,High,30.1,24.9,76.0,No,No,Yes,No,No,2022,9,Sunday,Yes,No,Afternoon,12,No,Yes,No,6,No,No,Low,Minor,No
CHN202500335,13.043158,80.232396,T Nagar,Anna Salai,Highway,6,22.6,80,Rainy,24.8,83.3,417,11.1,Wet,Daylight,Severe,7.1,17.6,93.0,Yes,,Yes,No,No,2022,6,Saturday,Yes,No,Afternoon,13,No,No,No,7,No,No,High,Fatal,Yes
CHN202500336,13.03965,80.234113,T Nagar,Anna Salai,Arterial,2,17.7,40,Cloudy,28.7,,3441,12.8,Wet,Daylight,Severe,12.0,4.1,84.0,No,Yes,Yes,No,No,2023,10,Thursday,No,Yes,Morning,10,No,Yes,No,6,No,No,Low,Minor,No
CHN202300337,13.046913,80.240627,T Nagar,Anna Salai,Arterial,2,10.8,40,Rainy,25.7,94.6,519,17.1,Wet,NightWithoutLights,Medium,32.0,7.3,41.0,No,No,Yes,Yes,No,2024,6,Saturday,Yes,Yes,Early Morning,5,No,No,Yes,7,No,No,High,Minor,Yes
CHN202500338,13.118969,80.154116,Ambattur,Ambattur Industrial Estate Road,Residential,1,7.9,30,Cloudy,31.7,68.1,3372,10.5,Dry,Daylight,Medium,22.0,3.6,32.0,No,No,No,Yes,No,2023,3,Wednesday,No,No,Afternoon,14,No,Yes,Yes,1,No,No,Low,Minor,No
CHN202200339,13.144926,80.235148,Madhavaram,Madhavaram High Road,Arterial,2,11.6,50,Cloudy,30.0,63.5,3454,11.6,Dry,NightWithLights,Medium,24.0,5.1,56.0,No,No,Yes,No,No,2025,3,Friday,No,No,Late Night,2,No,No,No,5,No,No,Low,Minor,No
CHN202500340,13.005209,80.255057,Adyar,LB Road,Service Road,2,6.5,20,Drizzle,24.9,72.7,1339,16.0,Damaged,NightWithoutLights,Medium,35.4,20.2,59.0,Yes,Yes,Yes,No,No,2022,6,Tuesday,No,No,Late Night,1,No,No,Yes,3,Yes,No,High,Minor,No
CHN202500341,12.909682,80.223215,Sholinganallur,OMR,Highway,4,15.0,60,Sunny,30.6,62.0,4484,15.2,Dry,NightWithoutLights,High,16.6,6.7,58.0,No,Yes,Yes,Yes,No,2025,11,Saturday,Yes,No,Late Night,2,No,Yes,Yes,3,No,No,Medium,Fatal,No
CHN202400342,13.146065,80.229821,Madhavaram,Madhavaram High Road,Service Road,2,5.0,30,Sunny,29.2,58.2,3294,8.2,Potholes,NightWithoutLights,Low,46.7,7.8,8.0,No,No,Yes,Yes,No,2024,10,Tuesday,No,No,Late Night,1,No,Yes,Yes,1,No,No,Low,Minor,No
CHN202500343,12.93816,80.230422,Thoraipakkam,OMR,Highway,8,18.0,60,Cloudy,29.7,70.8,3976,14.3,Dry,NightWithoutLights,Severe,4.0,13.7,80.0,No,No,No,No,No,2023,2,Thursday,No,No,Night,19,No,Yes,No,7,Yes,No,High,Fatal,No
CHN202300344,13.032324,80.158308,Porur,Mount Poonamallee Road,Arterial,4,14.7,50,Sunny,34.0,56.3,2797,13.8,Dry,NightWithoutLights,High,16.3,3.3,67.0,No,No,No,No,No,2024,2,Saturday,Yes,No,Late Night,0,No,Yes,Yes,6,No,No,Medium,Minor,No
CHN202200345,12.91096,80.253455,Injambakkam,ECR,Highway,4,21.1,100,Sunny,34.7,49.6,2382,13.6,Dry,Dusk,Medium,32.0,15.2,35.0,Yes,No,Yes,Yes,No,2025,4,Saturday,Yes,No,Evening,17,No,No,No,3,No,No,Low,Fatal,No
CHN202300346,13.010143,80.221428,Guindy,GST Road,Highway,6,21.5,100,Sunny,38.0,47.2,4933,7.1,Dry,NightWithoutLights,Medium,33.0,20.7,19.0,Yes,No,No,Yes,No,2022,12,Sunday,Yes,No,Night,19,No,No,Yes,5,Yes,No,High,Fatal,No
CHN202300347,13.003977,80.222499,Guindy,GST Road,Highway,8,18.1,100,Foggy,21.7,86.7,146,7.3,Dry,NightWithoutLights,High,20.5,5.8,76.0,No,No,Yes,No,No,2024,6,Thursday,No,No,Early Morning,5,No,Yes,No,2,No,No,High,Fatal,No
CHN202400348,13.050346,80.216867,Vadapalani,Arcot Road,Arterial,4,15.6,60,Sunny,29.8,64.9,2026,14.2,Dry,Daylight,Low,55.5,9.2,23.0,No,No,No,Yes,No,2024,12,Saturday,Yes,No,Afternoon,14,Yes,No,Yes,3,Yes,No,Low,Minor,No
CHN202200349,12.93588,80.261144,Neelankarai,ECR,Service Road,1,7.2,20,Sunny,32.8,51.7,2556,17.4,Dry,Dawn,Severe,7.6,20.6,74.0,No,No,No,No,No,2024,12,Friday,No,No,Early Morning,5,No,No,Yes,5,No,No,Low,Major,No
CHN202200350,12.952246,80.146896,Chrompet,GST Road,Arterial,2,12.5,40,Rainy,24.7,79.4,528,16.6,Wet,Dusk,Low,34.0,9.7,24.0,Yes,No,No,Yes,No,2022,1,Monday,No,Yes,Evening,17,No,Yes,No,3,No,No,Low,Minor,No
CHN202500351,13.141549,80.225914,Madhavaram,Madhavaram High Road,Arterial,4,10.1,60,Cloudy,29.9,63.7,3394,18.0,Damaged,NightWithLights,Medium,26.7,8.3,43.0,No,No,No,No,No,2024,5,Sunday,Yes,No,Night,21,No,No,No,5,No,No,Low,Major,No
CHN202500352,12.916454,80.255302,Injambakkam,ECR,Highway,6,17.8,80,Sunny,38.5,52.9,3818,11.8,Potholes,NightWithLights,Severe,12.9,5.2,74.0,No,No,No,Yes,No,2024,11,Wednesday,No,No,Night,20,No,No,Yes,4,No,No,Medium,Major,No
CHN202200353,12.948279,80.143822,Chrompet,GST Road,Arterial,2,12.5,50,Drizzle,24.5,82.7,1977,17.4,Wet,Dawn,High,9.9,11.1,67.0,No,No,Yes,No,No,2025,6,Saturday,Yes,No,Early Morning,5,No,Yes,Yes,8,Yes,Yes,High,Minor,Yes
CHN202400354,13.091234,80.209443,Anna Nagar,Anna Nagar 2nd Avenue,Residential,2,6.0,30,Cloudy,28.9,62.2,1963,14.8,Potholes,NightWithLights,Medium,29.9,3.2,51.0,No,No,Yes,No,No,2022,11,Monday,No,No,Late Night,0,No,No,No,1,No,No,Medium,Minor,No
CHN202300355,12.798145,80.216269,Kelambakkam,OMR Service Road,Service Road,1,8.0,40,Rainy,24.9,,1371,27.7,Wet,Daylight,Medium,32.9,16.2,38.0,No,No,No,No,Yes,2022,4,Saturday,Yes,No,Morning,7,No,No,Yes,1,No,No,Low,Minor,No
CHN202300356,13.111185,80.151536,Ambattur,Ambattur Industrial Estate Road,Residential,1,9.0,30,Cloudy,29.8,61.5,3263,15.1,Potholes,Dusk,Severe,14.8,8.9,73.0,No,No,Yes,No,No,2024,11,Thursday,No,No,Evening,18,No,No,Yes,10,No,No,Medium,Minor,No
CHN202400357,12.797714,80.220658,Kelambakkam,OMR Service Road,Highway,8,22.2,60,Sunny,33.3,48.4,4455,8.4,Potholes,Daylight,Medium,29.4,19.0,41.0,No,No,Yes,No,No,2025,4,Sunday,Yes,No,Morning,9,No,Yes,No,3,No,No,Medium,Major,No
CHN202500358,13.075347,80.256996,Egmore,Mount Road,Arterial,4,17.0,60,Drizzle,27.2,86.1,1561,19.0,UnderConstruction,NightWithLights,High,16.3,4.5,73.0,No,No,No,Yes,No,2025,5,Friday,No,No,Night,22,No,No,Yes,8,Yes,Yes,High,Major,Yes
CHN202300359,13.035247,80.157609,Porur,Mount Poonamallee Road,Service Road,2,5.7,20,Sunny,37.4,64.0,4495,10.2,Dry,NightWithLights,Medium,32.1,12.6,22.0,No,No,No,No,No,2022,2,Sunday,Yes,No,Late Night,1,No,No,Yes,2,No,No,Low,Minor,No
CHN202200360,13.110618,80.156326,Ambattur,Ambattur Industrial Estate Road,Residential,2,6.3,20,Sunny,34.0,48.8,3483,12.5,Potholes,Daylight,High,21.3,11.2,86.0,No,Yes,Yes,No,No,2024,7,Monday,No,No,Afternoon,15,No,No,Yes,4,No,No,Low,Minor,No
CHN202400361,13.038625,80.233034,T Nagar,Anna Salai,Arterial,2,13.2,50,Cloudy,33.6,61.6,2962,18.8,Dry,Daylight,High,35.5,8.0,52.0,No,No,No,No,No,2022,12,Tuesday,No,No,Afternoon,15,No,Yes,No,7,No,No,Low,Major,No
CHN202500362,13.047489,80.105949,Poonamallee,Poonamallee High Road,Arterial,4,15.6,40,Sunny,34.5,60.1,3630,15.1,Potholes,NightWithoutLights,Medium,30.6,10.2,54.0,No,Yes,No,No,No,2023,7,Thursday,No,No,Night,19,No,Yes,Yes,8,No,Yes,High,Major,Yes
CHN202400363,13.040505,80.15596,Porur,Mount Poonamallee Road,Arterial,4,17.7,40,Sunny,36.9,55.4,2259,8.5,Dry,Daylight,High,27.0,11.5,30.0,No,No,Yes,Yes,No,2024,11,Monday,No,Yes,Morning,7,No,Yes,No,5,No,No,Low,Minor,Yes
CHN202400364,13.115895,80.232216,Perambur,Paper Mills Road,Arterial,4,10.0,50,Rainy,25.4,89.2,318,28.2,UnderConstruction,Daylight,High,27.8,4.0,74.0,Yes,No,No,No,No,2022,10,Thursday,No,Yes,Morning,10,No,No,No,9,Yes,Yes,High,Major,Yes
CHN202300365,13.033503,80.151892,Porur,Mount Poonamallee Road,Arterial,4,13.3,50,Foggy,22.6,95.9,97,4.9,Dry,NightWithoutLights,Severe,7.7,4.7,81.0,No,No,Yes,Yes,No,2025,8,Wednesday,No,No,Early Morning,5,No,No,Yes,12,No,Yes,High,Minor,Yes
CHN202400366,13.14385,80.228856,Madhavaram,Madhavaram High Road,Arterial,4,12.7,50,Cloudy,29.1,63.7,2465,12.1,Dry,NightWithoutLights,High,16.7,11.3,68.0,No,,No,Yes,No,2022,11,Sunday,Yes,Yes,Early Morning,5,Yes,No,No,9,No,Yes,High,Major,Yes
CHN202200367,13.027919,80.264344,Mylapore,Luz Church Road,Residential,2,5.4,20,Cloudy,30.7,63.1,2334,8.6,Wet,NightWithLights,Severe,7.4,9.1,73.0,Yes,No,No,No,No,2024,11,Friday,No,Yes,Night,20,No,No,Yes,1,No,No,Medium,Minor,No
CHN202400368,13.040919,80.221305,Vadapalani,Arcot Road,Arterial,2,17.4,50,Sunny,38.4,49.3,3326,6.4,Dry,Daylight,High,20.1,2.4,43.0,No,Yes,No,Yes,No,2023,12,Wednesday,No,No,Evening,18,No,Yes,Yes,8,No,Yes,Medium,Minor,Yes
CHN202200369,12.912915,80.25886,Injambakkam,ECR,Flyover,4,9.5,80,Rainy,24.8,79.0,661,28.7,Wet,Dusk,High,22.7,10.4,70.0,Yes,No,No,No,No,2022,6,Monday,No,No,Evening,18,No,Yes,No,3,No,No,Medium,Major,No
CHN202500370,12.915641,80.245761,Injambakkam,ECR,Highway,6,23.1,60,Drizzle,26.4,86.1,1856,17.4,Potholes,Daylight,Severe,11.4,17.7,64.0,No,No,No,Yes,No,2024,8,Saturday,Yes,No,Afternoon,11,No,Yes,Yes,7,No,No,Medium,Major,No
CHN202500371,12.943254,80.232498,Thoraipakkam,OMR,Junction,4,17.9,50,Cloudy,33.2,56.3,2885,14.0,Dry,Daylight,Medium,24.6,8.7,54.0,Yes,No,Yes,Yes,No,2023,1,Saturday,Yes,Yes,Morning,6,No,No,No,7,No,No,Medium,Minor,No
CHN202300372,12.794337,80.216254,Kelambakkam,OMR Service Road,Highway,4,18.7,80,Rainy,25.8,89.6,643,22.9,Wet,NightWithoutLights,Severe,,15.5,77.0,No,No,No,No,No,2024,10,Tuesday,No,Yes,Night,22,No,Yes,No,4,No,No,High,Major,Yes
CHN202500373,13.117034,80.098555,Avadi,Chennai Bypass Road,Highway,6,23.8,80,Drizzle,24.9,83.7,1737,18.0,Wet,NightWithLights,High,30.2,16.2,67.0,No,No,No,No,No,2022,11,Saturday,Yes,No,Night,21,Yes,No,Yes,6,No,No,High,Fatal,No
CHN202300374,12.951641,80.145362,Chrompet,GST Road,Arterial,4,14.1,40,Cloudy,27.4,71.5,1784,10.6,Dry,Dusk,High,16.5,3.3,54.0,No,No,No,No,No,2023,6,Friday,No,No,Evening,16,No,Yes,No,7,No,No,Low,Minor,No
CHN202500375,13.071946,80.258745,Egmore,Mount Road,Arterial,2,10.2,50,Sunny,34.3,58.8,2538,12.8,Potholes,NightWithoutLights,High,18.6,5.3,46.0,No,No,No,No,No,2022,9,Monday,No,No,Late Night,2,No,Yes,No,6,No,No,High,Minor,No
CHN202300376,13.114143,80.095647,Avadi,Chennai Bypass Road,Highway,8,22.2,80,Cloudy,33.7,72.9,1977,11.3,Dry,Daylight,High,19.7,9.5,76.0,Yes,No,Yes,No,No,2024,10,Monday,No,Yes,Evening,18,No,No,Yes,5,No,No,Low,Major,No
CHN202300377,13.081428,80.211257,Anna Nagar,Anna Nagar 2nd Avenue,Flyover,4,11.0,70,Rainy,28.7,92.8,1312,18.3,Damaged,NightWithLights,Severe,5.8,8.1,86.0,No,No,Yes,No,No,2022,10,Sunday,Yes,Yes,Night,20,No,Yes,No,6,Yes,No,High,Fatal,Yes
CHN202400378,12.915686,80.260782,Injambakkam,ECR,Highway,6,22.9,80,Cloudy,33.1,59.7,3736,12.8,Dry,Daylight,Low,40.4,17.3,58.0,Yes,Yes,Yes,No,No,2023,12,Thursday,No,Yes,Afternoon,12,No,No,No,4,No,No,Low,Major,No
CHN202200379,12.924757,80.125955,Tambaram,GST Road,Highway,6,14.0,80,Sunny,34.5,63.7,4607,12.5,Dry,NightWithoutLights,Low,44.5,6.7,30.0,Yes,No,No,No,No,2024,6,Tuesday,No,No,Early Morning,5,No,No,Yes,3,No,No,Low,Major,No
CHN202200380,13.113841,80.098918,Avadi,Chennai Bypass Road,Highway,4,20.4,80,Sunny,33.2,57.9,2776,10.3,Dry,NightWithLights,Medium,28.3,14.3,50.0,No,No,Yes,Yes,No,2023,12,Tuesday,No,No,Night,20,No,No,Yes,3,No,No,Low,Major,No
CHN202500381,13.005258,80.223192,Guindy,GST Road,Highway,8,20.5,60,Rainy,26.6,75.3,884,26.2,Wet,Daylight,High,12.0,8.4,72.0,No,No,Yes,Yes,No,2024,9,Monday,No,No,Morning,9,No,Yes,No,7,No,No,Medium,Minor,No
CHN202300382,12.932522,80.255809,Neelankarai,ECR,Service Road,2,6.6,40,Rainy,29.2,81.9,868,27.0,Potholes,Dawn,High,15.2,11.1,82.0,No,No,Yes,Yes,No,2024,5,Tuesday,No,No,Early Morning,4,Yes,No,No,3,No,No,Medium,Minor,No
CHN202500383,13.057377,80.281362,Marina,Marina Beach Road,Arterial,4,17.2,60,Rainy,28.9,89.2,605,19.3,Damaged,Daylight,Low,40.4,10.5,34.0,Yes,No,Yes,Yes,No,2024,5,Sunday,Yes,No,Afternoon,12,No,Yes,No,4,No,No,Low,Minor,No
CHN202400384,13.121828,80.161928,Ambattur,Ambattur Industrial Estate Road,Residential,2,5.5,20,Drizzle,26.7,73.2,1655,17.0,Potholes,NightWithLights,Severe,10.0,7.6,90.0,No,No,Yes,Yes,No,2025,12,Thursday,No,Yes,Night,22,No,No,No,5,No,No,High,Major,No
CHN202500385,13.079914,80.25771,Egmore,Mount Road,Arterial,4,13.1,60,Sunny,33.3,58.0,3381,8.1,Dry,NightWithLights,Low,42.8,2.7,27.0,No,No,Yes,Yes,No,2025,5,Sunday,Yes,No,Late Night,3,No,Yes,No,2,No,No,Low,Major,No
CHN202500386,13.082908,80.207873,Anna Nagar,Anna Nagar 2nd Avenue,Residential,1,8.0,30,Cloudy,33.6,55.9,2624,12.3,Dry,Daylight,Low,56.1,10.4,14.0,Yes,No,No,Yes,No,2025,5,Wednesday,No,No,Evening,16,Yes,Yes,Yes,0,No,No,Low,Minor,No
CHN202200387,13.142195,80.236224,Madhavaram,Madhavaram High Road,Arterial,4,13.1,60,Sunny,37.9,50.4,2127,12.3,Dry,Daylight,Medium,29.2,10.2,68.0,Yes,Yes,Yes,Yes,No,2022,10,Friday,No,No,Morning,8,No,No,No,3,Yes,No,Low,Major,No
CHN202500388,13.04842,80.209315,Vadapalani,Arcot Road,Arterial,4,16.0,40,Cloudy,31.7,60.5,2629,13.2,Damaged,NightWithLights,High,20.0,7.4,53.0,No,No,No,Yes,No,2022,7,Tuesday,No,No,Night,21,No,Yes,No,11,Yes,Yes,High,Minor,Yes
CHN202200389,13.083485,80.21338,Anna Nagar,Anna Nagar 2nd Avenue,Residential,2,5.7,20,Sunny,32.1,63.8,3459,8.4,Dry,Daylight,Medium,32.1,2.7,52.0,No,No,No,Yes,No,2023,5,Wednesday,No,Yes,Afternoon,11,No,No,Yes,2,No,No,Low,Minor,Yes
CHN202200390,12.973852,80.223611,Velachery,Velachery Main Road,Residential,2,8.6,20,Sunny,31.0,46.6,4940,6.6,Dry,Dusk,High,19.0,4.9,58.0,No,No,Yes,No,No,2022,3,Friday,No,No,Evening,18,No,Yes,Yes,3,Yes,No,Low,Minor,No
CHN202400391,13.014236,80.198383,Kathipara,GST Road Flyover,Highway,6,14.0,80,Sunny,29.2,57.4,2614,16.7,Dry,NightWithoutLights,Severe,6.9,13.5,69.0,No,No,Yes,No,No,2025,7,Friday,No,No,Early Morning,4,Yes,Yes,Yes,13,No,No,High,Fatal,Yes
CHN202200392,13.05176,80.214651,Vadapalani,Arcot Road,Arterial,4,16.6,40,Cloudy,28.6,59.3,3038,9.5,Dry,NightWithoutLights,Severe,9.5,11.6,81.0,No,No,Yes,Yes,No,2023,11,Thursday,No,Yes,Late Night,0,No,Yes,Yes,9,No,Yes,High,Major,Yes
CHN202400393,13.038874,80.157036,Porur,Mount Poonamallee Road,Arterial,4,15.8,40,Rainy,28.7,88.3,1415,26.1,Wet,Dawn,Medium,37.8,9.0,55.0,,No,Yes,No,No,2022,7,Thursday,No,No,Early Morning,4,No,Yes,No,4,No,No,Medium,Minor,No
CHN202500394,12.965056,80.244629,Perungudi,OMR,Junction,2,18.8,30,Sunny,30.8,49.5,3205,13.5,Potholes,Daylight,Low,48.8,3.0,57.0,Yes,No,Yes,Yes,No,2023,7,Monday,No,No,Morning,8,No,No,No,6,No,No,Low,Minor,Yes
CHN202300395,12.920214,80.123971,Tambaram,GST Road,Highway,6,,80,Sunny,32.3,46.7,3805,18.0,Dry,NightWithLights,Medium,,6.8,52.0,No,No,Yes,No,No,2022,4,Thursday,No,No,Late Night,2,No,Yes,Yes,4,No,No,Low,Major,No
CHN202500396,13.1183,80.239093,Perambur,Paper Mills Road,Arterial,4,16.4,40,Cloudy,29.5,70.0,3255,16.4,Dry,Daylight,Severe,4.3,2.6,98.0,No,Yes,No,No,No,2025,8,Sunday,Yes,No,Afternoon,13,No,No,No,3,No,No,Low,Minor,No
CHN202400397,13.111402,80.15057,Ambattur,Ambattur Industrial Estate Road,Residential,1,5.9,30,Sunny,37.0,57.5,2302,8.7,Dry,NightWithLights,Medium,30.8,2.3,20.0,Yes,No,No,No,No,2025,8,Monday,No,No,Late Night,2,No,Yes,No,1,No,No,Low,Minor,No
CHN202400398,13.050608,80.10125,Poonamallee,Poonamallee High Road,Arterial,4,17.6,40,Sunny,32.0,62.8,3220,8.9,Damaged,Daylight,High,16.3,8.4,72.0,No,Yes,No,No,No,2024,7,Friday,No,No,Morning,6,Yes,Yes,Yes,2,Yes,No,Medium,Minor,No
CHN202300399,12.920644,80.251321,Injambakkam,ECR,Highway,6,22.5,80,Sunny,35.1,49.5,4342,13.8,Damaged,NightWithLights,Low,43.3,18.9,23.0,No,No,Yes,No,Yes,2025,5,Sunday,Yes,No,Night,19,No,Yes,Yes,0,No,No,Medium,Fatal,No
CHN202200400,13.051906,80.102199,Poonamallee,Poonamallee High Road,Arterial,2,17.6,50,Sunny,38.7,46.7,2482,10.7,Damaged,NightWithoutLights,Low,43.1,11.4,25.0,No,No,No,Yes,No,2025,12,Thursday,No,No,Night,22,No,Yes,No,4,No,No,Low,Minor,No
CHN202200401,13.00518,80.214889,Guindy,GST Road,Service Road,2,4.9,20,Rainy,29.6,94.9,800,20.8,Wet,Daylight,Medium,36.6,15.7,50.0,No,No,Yes,Yes,No,2025,10,Saturday,Yes,No,Evening,18,No,No,Yes,3,No,No,Medium,Minor,No
CHN202300402,13.047388,80.2865,Marina,Marina Beach Road,Arterial,4,13.1,40,Sunny,37.5,54.5,4159,17.5,Dry,Daylight,Severe,19.8,7.8,74.0,No,Yes,No,No,No,2024,10,Monday,No,Yes,Morning,10,Yes,No,Yes,9,No,No,Low,Minor,No
CHN202400403,13.057892,80.209028,Vadapalani,Arcot Road,Highway,4,16.0,80,Cloudy,29.3,74.5,1732,17.3,Dry,Dawn,Medium,36.3,12.4,23.0,No,No,No,No,No,2023,10,Saturday,Yes,No,Early Morning,4,No,No,No,6,Yes,No,Low,Major,No
CHN202200404,12.956808,80.14795,Chrompet,GST Road,Residential,1,6.0,40,Sunny,38.7,63.0,4278,6.2,Damaged,NightWithLights,Severe,10.7,3.0,74.0,No,Yes,Yes,No,No,2025,4,Sunday,Yes,No,Late Night,0,Yes,No,No,5,No,No,High,Major,No
CHN202300405,13.11641,80.100756,Avadi,Chennai Bypass Road,Service Road,1,6.5,20,Rainy,28.7,91.6,515,13.6,Wet,Dawn,Severe,6.2,5.0,96.0,No,Yes,Yes,No,No,2023,8,Wednesday,No,No,Early Morning,4,No,No,No,4,Yes,No,Medium,Minor,No
CHN202400406,13.10768,80.100426,Avadi,Chennai Bypass Road,Residential,1,7.5,30,Sunny,38.6,51.3,2006,16.7,Dry,Daylight,High,20.0,9.0,85.0,Yes,No,Yes,Yes,No,2024,4,Tuesday,No,No,Afternoon,15,No,Yes,No,5,No,No,Low,Minor,No
CHN202400407,13.056618,80.216063,Vadapalani,Arcot Road,Arterial,2,10.4,50,Sunny,36.0,59.0,3366,12.0,Dry,Daylight,Medium,34.5,4.6,46.0,Yes,No,No,Yes,No,2022,11,Wednesday,No,Yes,Afternoon,13,No,Yes,No,7,No,No,Low,Minor,No
CHN202200408,13.016353,80.200898,Kathipara,GST Road Flyover,Flyover,2,10.6,80,Sunny,34.3,49.2,2009,14.0,Damaged,Daylight,High,11.7,11.9,49.0,No,No,No,No,No,2024,3,Sunday,Yes,No,Afternoon,15,No,Yes,Yes,4,No,No,Low,Fatal,No
CHN202400409,13.04561,80.234644,T Nagar,Anna Salai,Arterial,2,17.2,60,Rainy,26.7,94.6,1152,18.5,UnderConstruction,Daylight,Medium,31.8,3.9,54.0,No,No,Yes,No,No,2025,6,Saturday,Yes,No,Morning,7,No,Yes,Yes,5,Yes,No,Low,Major,No
CHN202500410,12.936058,80.254296,Neelankarai,ECR,Arterial,4,12.5,40,Cloudy,29.0,60.0,3937,10.1,Dry,NightWithLights,Medium,23.3,6.7,43.0,No,No,No,Yes,No,2025,1,Wednesday,No,Yes,Night,20,No,No,No,4,No,No,Low,Minor,No
CHN202400411,12.925123,80.128252,Tambaram,GST Road,Highway,6,21.9,100,Sunny,32.9,54.1,2080,16.2,Dry,NightWithLights,Low,47.7,16.0,29.0,No,Yes,No,No,No,2025,9,Monday,No,No,Night,19,Yes,Yes,Yes,1,No,No,Medium,Fatal,No
CHN202500412,13.14739,80.231998,Madhavaram,Madhavaram High Road,Arterial,2,12.0,50,Sunny,29.9,46.5,3818,15.5,Dry,NightWithoutLights,Severe,12.2,8.8,68.0,No,No,No,No,No,2025,1,Friday,No,Yes,Late Night,3,Yes,Yes,No,8,No,Yes,Medium,Minor,Yes
CHN202300413,12.977834,80.219978,Velachery,Velachery Main Road,Arterial,4,14.3,60,Sunny,35.4,45.0,4210,11.5,Dry,Daylight,Medium,32.3,7.7,62.0,Yes,No,No,No,No,2024,9,Saturday,Yes,No,Afternoon,11,No,No,Yes,5,No,No,Low,Minor,No
CHN202400414,13.052626,80.213391,Vadapalani,Arcot Road,Service Road,1,5.1,20,Cloudy,27.5,62.8,3536,10.1,Damaged,NightWithLights,Low,51.2,21.1,12.0,Yes,No,No,Yes,No,2022,3,Thursday,No,No,Night,20,No,Yes,No,2,No,No,Low,Minor,No
CHN202200415,12.959304,80.238977,Perungudi,OMR,Highway,8,22.1,80,Cloudy,32.1,68.5,2657,14.1,Dry,Dawn,High,16.5,13.5,77.0,Yes,No,Yes,No,No,2024,9,Tuesday,No,No,Early Morning,4,No,Yes,No,10,No,Yes,Medium,Major,Yes
CHN202400416,13.009298,80.193268,Kathipara,GST Road Flyover,Flyover,2,11.0,70,Cloudy,28.0,56.9,2146,15.3,Potholes,NightWithoutLights,Medium,19.6,7.3,41.0,No,No,Yes,No,No,2025,4,Saturday,Yes,No,Night,22,No,No,No,0,No,No,Medium,Fatal,No
CHN202200417,13.149505,80.233395,Madhavaram,Madhavaram High Road,Arterial,4,17.4,40,Sunny,37.9,54.2,2953,5.5,Dry,NightWithLights,High,21.8,8.5,60.0,No,Yes,Yes,Yes,No,2024,1,Tuesday,No,Yes,Night,21,No,No,Yes,9,No,Yes,Medium,Minor,Yes
CHN202300418,13.115929,80.153122,Ambattur,Ambattur Industrial Estate Road,Highway,6,17.0,80,Sunny,36.6,54.5,2461,14.9,Wet,Dusk,High,16.3,7.8,55.0,No,No,No,No,No,2025,8,Friday,No,No,Evening,17,No,Yes,Yes,7,Yes,No,Medium,Major,No
CHN202400419,13.030498,80.271851,Mylapore,Luz Church Road,Residential,2,6.8,20,Sunny,31.8,60.3,4186,7.7,Dry,NightWithoutLights,Medium,34.6,3.5,48.0,Yes,No,No,No,No,2022,10,Saturday,Yes,No,Late Night,23,No,No,No,5,No,No,Low,Minor,No
CHN202500420,12.927868,80.125529,Tambaram,GST Road,Junction,4,19.8,40,Sunny,33.6,45.9,3647,13.7,Dry,Daylight,Medium,40.0,3.7,72.0,Yes,No,Yes,No,No,2022,9,Thursday,No,No,Afternoon,12,No,Yes,Yes,9,No,No,Low,Minor,No
CHN202500421,13.107443,80.233183,Perambur,Paper Mills Road,Arterial,4,11.2,60,Foggy,21.8,83.0,193,9.1,Dry,Daylight,Medium,30.7,7.0,29.0,No,No,Yes,No,No,2022,10,Sunday,Yes,Yes,Morning,7,No,Yes,Yes,1,No,No,Low,Minor,No
CHN202500422,13.001899,80.259297,Adyar,LB Road,Arterial,4,17.2,40,Cloudy,32.0,69.1,1875,18.9,Dry,Daylight,High,19.2,10.1,65.0,No,Yes,No,No,No,2025,1,Tuesday,No,Yes,Morning,6,No,No,Yes,6,No,No,Low,Major,No
CHN202300423,12.78181,80.221397,Kelambakkam,OMR Service Road,Service Road,1,7.4,20,Sunny,30.2,58.2,3076,,Dry,Daylight,Medium,29.3,18.3,40.0,Yes,No,Yes,No,No,2025,2,Saturday,Yes,No,Evening,18,Yes,Yes,Yes,4,No,No,Low,Minor,No
CHN202200424,13.00465,80.255596,Adyar,LB Road,Arterial,4,12.3,60,Drizzle,25.5,84.1,2182,14.9,Wet,NightWithLights,Low,50.7,4.4,45.0,No,No,Yes,No,No,2024,3,Sunday,Yes,No,Night,22,No,No,No,7,Yes,No,Medium,Major,No
CHN202400425,12.790932,80.217723,Kelambakkam,OMR Service Road,Service Road,1,7.2,30,Sunny,37.7,53.5,2529,7.5,Damaged,Dawn,Medium,26.8,14.3,47.0,No,No,Yes,No,No,2023,1,Sunday,Yes,No,Early Morning,5,Yes,Yes,No,3,No,No,Low,Minor,No
CHN202200426,13.034724,80.160529,Porur,Mount Poonamallee Road,Residential,2,5.4,30,Rainy,27.0,82.8,1432,24.0,UnderConstruction,NightWithoutLights,High,16.4,7.8,52.0,Yes,No,No,No,No,2025,9,Friday,No,No,Late Night,3,No,No,No,3,Yes,No,High,Minor,Yes
CHN202400427,12.942785,80.232689,Thoraipakkam,OMR,Arterial,2,15.5,50,Sunny,39.0,63.7,4947,6.9,Dry,Dawn,High,19.6,3.6,41.0,No,No,Yes,Yes,No,2025,6,Friday,No,Yes,Early Morning,5,No,Yes,Yes,8,No,Yes,Medium,Major,Yes
CHN202400428,12.925292,80.12654,Tambaram,GST Road,Highway,8,23.4,100,Cloudy,33.4,68.0,3687,9.9,Potholes,Dusk,Severe,10.2,16.0,79.0,No,Yes,No,No,No,2024,9,Sunday,Yes,No,Evening,17,Yes,No,No,9,No,Yes,High,Fatal,Yes
CHN202300429,13.051841,80.102649,Poonamallee,Poonamallee High Road,Arterial,4,16.4,50,Sunny,36.6,45.5,4446,15.5,Potholes,Dusk,Severe,9.0,11.5,72.0,No,No,No,No,Yes,2023,11,Sunday,Yes,Yes,Evening,16,Yes,Yes,No,7,No,No,Medium,Major,Yes
CHN202300430,12.919046,80.135804,Tambaram,GST Road,Residential,2,9.0,40,Sunny,30.3,45.2,3594,16.2,Dry,Daylight,High,15.1,5.7,56.0,No,No,No,No,No,2022,6,Sunday,Yes,No,Morning,6,Yes,Yes,Yes,6,No,No,Low,Minor,No
CHN202500431,12.913817,80.256204,Injambakkam,ECR,Highway,6,19.7,100,Sunny,37.6,56.8,2668,17.7,Potholes,Daylight,Medium,35.2,22.5,38.0,No,No,No,No,No,2025,8,Sunday,Yes,No,Afternoon,13,No,No,Yes,6,No,Yes,Medium,Fatal,Yes
CHN202300432,13.050888,80.21105,Vadapalani,Arcot Road,Junction,2,17.5,50,Drizzle,28.1,73.7,1061,8.8,Wet,Dawn,High,16.6,5.2,64.0,No,No,Yes,Yes,No,2023,12,Thursday,No,No,Early Morning,5,Yes,No,No,8,No,Yes,High,Major,Yes
CHN202200433,13.012345,80.197969,Kathipara,GST Road Flyover,Flyover,4,10.1,70,Sunny,29.5,61.0,2373,5.2,Potholes,Dawn,High,12.8,9.5,62.0,No,Yes,Yes,No,No,2024,11,Sunday,Yes,Yes,Early Morning,4,No,Yes,Yes,4,No,No,Medium,Fatal,No
CHN202400434,12.933697,80.240086,Thoraipakkam,OMR,Arterial,4,13.2,50,Drizzle,24.7,84.6,1764,20.3,Wet,Daylight,Severe,18.2,2.2,63.0,No,No,No,Yes,No,2023,4,Friday,No,No,Afternoon,12,Yes,No,Yes,10,No,No,High,Major,No
CHN202200435,13.011541,80.254224,Adyar,LB Road,Service Road,2,8.0,20,Cloudy,33.1,55.1,2593,15.0,Dry,Daylight,High,23.6,24.3,69.0,No,No,Yes,No,No,2024,1,Thursday,No,Yes,Morning,9,No,No,No,2,No,No,Low,Minor,No
CHN202500436,13.042885,80.238737,T Nagar,Anna Salai,Arterial,2,17.0,40,Cloudy,27.4,68.9,3839,18.0,Dry,NightWithLights,Severe,22.4,7.1,74.0,No,No,No,No,No,2022,10,Sunday,Yes,Yes,Late Night,0,No,Yes,No,7,No,No,Medium,Major,Yes
CHN202300437,13.077951,80.211515,Anna Nagar,Anna Nagar 2nd Avenue,Residential,2,5.3,30,Cloudy,29.3,74.4,1767,9.6,Dry,Daylight,Low,48.2,7.7,38.0,Yes,No,No,No,Yes,2024,12,Tuesday,No,No,Morning,7,Yes,No,No,0,No,No,Low,Minor,No
CHN202400438,13.050548,80.285949,Marina,Marina Beach Road,Arterial,4,12.5,60,Sunny,33.3,60.5,2937,8.1,Dry,Dawn,High,24.9,10.8,53.0,No,No,No,Yes,No,2023,5,Monday,No,No,Early Morning,5,No,Yes,Yes,4,No,No,Low,Major,No
CHN202400439,13.080807,80.254902,Egmore,Mount Road,Arterial,4,13.7,50,Sunny,32.4,58.5,3862,9.1,Dry,Daylight,Medium,31.0,6.7,58.0,No,No,Yes,No,No,2024,10,Thursday,No,Yes,Evening,16,No,Yes,Yes,1,No,No,Low,Minor,No
CHN202400440,13.140071,80.234143,Madhavaram,Madhavaram High Road,Arterial,2,18.0,40,Sunny,38.4,53.6,3195,8.6,Dry,Dawn,Severe,4.0,11.6,79.0,No,No,No,Yes,No,2022,7,Friday,No,No,Early Morning,4,No,No,No,6,No,No,Medium,Minor,No
CHN202300441,13.01118,80.199054,Kathipara,GST Road Flyover,Flyover,2,13.0,60,Rainy,29.5,87.6,1050,13.0,Wet,Dawn,Medium,,3.5,35.0,Yes,No,No,No,No,2023,3,Friday,No,Yes,Early Morning,4,No,No,No,3,No,No,Medium,Major,No
CHN202200442,13.008508,80.219661,Guindy,GST Road,Highway,4,18.7,80,Rainy,27.0,83.4,1176,28.5,Potholes,NightWithLights,Low,46.6,19.8,21.0,No,No,No,No,No,2025,11,Tuesday,No,No,Night,21,Yes,Yes,No,4,Yes,No,High,Fatal,No
CHN202300443,13.014086,80.21401,Guindy,GST Road,Junction,4,17.4,50,Sunny,31.4,58.2,3314,6.5,Damaged,Daylight,Medium,31.0,10.9,41.0,No,No,Yes,No,No,2024,7,Monday,No,No,Afternoon,11,Yes,Yes,Yes,6,No,No,Medium,Minor,No
CHN202400444,13.138454,80.235534,Madhavaram,Madhavaram High Road,Arterial,2,12.6,40,Drizzle,24.3,74.9,2366,18.3,Wet,Daylight,Medium,30.2,4.3,50.0,No,No,Yes,Yes,No,2024,7,Monday,No,No,Afternoon,15,No,Yes,No,7,No,No,Low,Minor,No
CHN202300445,13.04275,80.234058,T Nagar,Anna Salai,Arterial,4,15.9,60,Rainy,24.4,85.2,614,28.4,Potholes,Daylight,Low,50.5,,18.0,No,No,Yes,No,No,2022,3,Saturday,Yes,No,Morning,6,Yes,Yes,Yes,2,No,No,Medium,Minor,Yes
CHN202300446,12.944718,80.149743,Chrompet,GST Road,Residential,1,8.8,40,Sunny,32.7,58.5,4265,7.4,Dry,NightWithoutLights,High,13.4,3.8,49.0,No,No,No,Yes,No,2023,9,Friday,No,No,Late Night,23,No,Yes,Yes,2,No,No,Low,Minor,No
CHN202200447,13.07401,80.258554,Egmore,Mount Road,Highway,8,20.2,80,Sunny,31.5,55.0,2401,13.7,Dry,Dawn,Low,56.0,13.2,0.0,Yes,No,Yes,Yes,No,2024,10,Saturday,Yes,No,Early Morning,4,No,Yes,No,2,No,No,Low,Fatal,No
CHN202400448,12.792412,80.216911,Kelambakkam,OMR Service Road,Service Road,1,4.9,20,Sunny,29.7,55.2,4526,6.6,Damaged,Dawn,Severe,7.2,23.4,96.0,Yes,No,Yes,Yes,No,2023,1,Thursday,No,Yes,Early Morning,5,No,No,No,10,No,No,High,Major,Yes
CHN202300449,13.006288,80.2562,Adyar,LB Road,Arterial,4,12.7,50,Rainy,24.3,89.4,405,27.0,Wet,Daylight,Low,53.3,4.0,36.0,Yes,No,Yes,Yes,No,2025,8,Thursday,No,No,Afternoon,14,No,No,No,5,No,No,Medium,Major,Yes
CHN202300450,12.950132,80.145084,Chrompet,GST Road,Arterial,4,12.1,40,Rainy,25.7,75.1,323,29.6,Wet,Daylight,High,26.8,6.8,62.0,No,No,Yes,Yes,No,2023,8,Sunday,Yes,No,Afternoon,14,No,Yes,No,9,No,Yes,High,Major,Yes
CHN202400451,12.923447,80.122314,Tambaram,GST Road,Highway,8,23.9,80,Sunny,29.8,60.6,2488,17.1,UnderConstruction,Dawn,High,22.5,22.7,57.0,No,No,No,No,No,2025,6,Tuesday,No,No,Early Morning,4,No,Yes,No,5,Yes,No,Medium,Fatal,No
CHN202400452,13.071298,80.194245,Koyambedu,Poonamallee High Road,Junction,4,15.8,30,Cloudy,33.4,63.5,3128,10.7,Damaged,NightWithLights,High,20.4,4.7,58.0,No,No,Yes,Yes,No,2023,3,Wednesday,No,Yes,Late Night,23,Yes,No,Yes,7,No,No,High,Minor,No
CHN202300453,12.965777,80.237101,Perungudi,OMR,Flyover,4,10.9,70,Rainy,27.5,87.4,583,18.9,Wet,NightWithLights,Medium,33.9,4.3,40.0,No,No,Yes,No,No,2024,7,Wednesday,No,No,Late Night,2,No,Yes,No,0,No,No,Medium,Fatal,No
CHN202200454,13.005276,80.219443,Guindy,GST Road,Highway,6,17.6,100,Sunny,29.9,55.6,3412,13.3,Dry,NightWithoutLights,Low,36.6,22.6,30.0,No,Yes,No,No,No,2022,4,Tuesday,No,No,Night,19,Yes,No,No,3,No,No,Medium,Fatal,No
CHN202400455,13.015389,80.255244,Adyar,LB Road,Arterial,4,10.0,50,Cloudy,32.6,69.0,3624,12.5,Dry,NightWithoutLights,Severe,14.5,3.5,65.0,No,No,No,No,No,2023,2,Tuesday,No,No,Early Morning,4,No,Yes,No,12,No,No,Low,Minor,No
CHN202500456,13.04959,80.102151,Poonamallee,Poonamallee High Road,Arterial,4,13.3,50,Sunny,38.7,49.6,3482,,Dry,Daylight,Medium,40.2,5.4,24.0,No,No,No,No,No,2025,7,Tuesday,No,Yes,Evening,17,No,No,Yes,11,No,Yes,Low,Minor,Yes
CHN202200457,13.049926,80.280311,Marina,Marina Beach Road,Arterial,4,17.8,60,Sunny,38.8,56.0,4760,14.9,Dry,NightWithLights,Low,50.3,8.7,20.0,No,Yes,Yes,No,No,2025,4,Friday,No,No,Night,20,No,Yes,No,5,No,No,Low,Major,No
CHN202400458,13.005294,80.218391,Guindy,GST Road,Highway,8,18.0,80,Cloudy,33.2,71.6,1998,16.1,Potholes,Daylight,High,22.9,10.4,60.0,No,No,No,No,Yes,2025,7,Friday,No,No,Afternoon,11,No,No,No,5,Yes,No,Medium,Major,No
CHN202200459,13.048488,80.205782,Vadapalani,Arcot Road,Arterial,2,13.5,60,Rainy,28.5,75.1,1338,17.9,Damaged,Dusk,High,22.0,5.6,63.0,No,No,No,No,No,2025,7,Saturday,Yes,No,Evening,18,No,No,No,8,No,Yes,High,Major,Yes
CHN202500460,13.001052,80.255907,Adyar,LB Road,Highway,6,17.8,80,Sunny,32.8,49.2,3954,6.5,Dry,NightWithoutLights,Medium,39.0,6.1,36.0,No,Yes,Yes,No,No,2024,9,Wednesday,No,No,Night,21,No,Yes,No,5,No,No,Medium,Fatal,No
CHN202500461,13.149423,80.236001,Madhavaram,Madhavaram High Road,Arterial,2,15.1,50,Drizzle,24.4,84.2,1274,19.3,Potholes,Daylight,Low,46.3,5.4,23.0,No,No,No,No,No,2025,4,Sunday,Yes,No,Morning,7,No,No,No,1,No,No,Low,Minor,No
CHN202200462,13.048357,80.282337,Marina,Marina Beach Road,Flyover,2,8.2,60,Sunny,37.3,62.0,3213,8.9,Dry,NightWithoutLights,High,21.5,10.3,72.0,No,Yes,Yes,No,No,2025,6,Monday,No,No,Late Night,23,No,Yes,Yes,3,No,No,Medium,Major,No
CHN202200463,13.013622,80.201414,Kathipara,GST Road Flyover,Flyover,2,12.6,60,Sunny,37.9,62.5,4010,7.1,Dry,Daylight,High,21.2,5.6,69.0,Yes,No,Yes,No,No,2025,10,Saturday,Yes,No,Evening,16,No,No,No,2,No,No,Low,Minor,No
CHN202200464,13.008337,80.198378,Kathipara,GST Road Flyover,Residential,2,8.7,20,Sunny,30.8,55.9,2616,16.3,Dry,Dusk,High,27.2,6.6,60.0,No,No,Yes,No,No,2025,4,Tuesday,No,No,Evening,17,Yes,No,Yes,2,No,No,Low,Minor,No
CHN202400465,12.786753,80.213784,Kelambakkam,OMR Service Road,Service Road,2,5.8,30,Rainy,24.2,92.3,882,17.0,Potholes,NightWithoutLights,Medium,39.6,19.6,16.0,Yes,No,No,No,No,2023,10,Sunday,Yes,Yes,Early Morning,4,No,No,Yes,2,No,No,High,Major,No
CHN202200466,13.04574,80.213389,Vadapalani,Arcot Road,Flyover,4,10.6,60,Rainy,26.4,86.1,633,16.7,Wet,Dusk,Medium,38.1,8.9,33.0,No,No,Yes,No,No,2025,4,Sunday,Yes,No,Evening,18,No,No,Yes,2,No,No,Medium,Major,No
CHN202400467,12.982753,80.218559,Velachery,Velachery Main Road,Arterial,2,10.9,40,Cloudy,31.2,55.9,2984,9.7,Dry,Dusk,Severe,14.4,2.2,72.0,No,No,No,No,No,2023,1,Wednesday,No,No,Evening,18,Yes,Yes,No,7,No,No,Medium,Minor,No
CHN202300468,12.91067,80.252374,Injambakkam,ECR,Highway,6,18.2,60,Sunny,31.1,59.4,3120,10.9,Dry,Daylight,Severe,11.1,5.3,78.0,No,No,No,No,No,2024,9,Saturday,Yes,No,Afternoon,12,Yes,No,Yes,11,No,No,Medium,Major,No
CHN202200469,12.932264,80.253994,Neelankarai,ECR,Highway,6,14.7,80,Sunny,30.4,63.6,3904,16.0,Potholes,NightWithoutLights,Medium,33.5,12.7,52.0,No,No,No,No,No,2025,6,Wednesday,No,No,Early Morning,5,No,Yes,Yes,7,No,No,Medium,Major,No
CHN202300470,13.071701,80.26847,Egmore,Mount Road,Junction,4,11.5,30,Foggy,20.1,96.5,164,7.6,Dry,Daylight,Medium,35.5,9.1,53.0,Yes,No,No,No,No,2024,7,Sunday,Yes,No,Morning,8,No,No,No,8,No,No,Medium,Minor,No
CHN202300471,12.943179,80.234819,Thoraipakkam,OMR,Highway,8,,60,Foggy,22.0,81.2,157,8.5,Wet,NightWithoutLights,High,18.8,7.5,62.0,No,No,No,No,No,2022,9,Saturday,Yes,No,Early Morning,4,No,No,No,5,No,Yes,High,Fatal,Yes
CHN202400472,13.050519,80.215934,Vadapalani,Arcot Road,Arterial,4,14.9,50,Rainy,27.4,85.2,1078,11.7,Potholes,Dusk,Severe,10.7,5.0,86.0,Yes,Yes,Yes,Yes,No,2023,5,Saturday,Yes,No,Evening,17,No,Yes,Yes,6,Yes,No,High,Minor,No
CHN202500473,13.053125,80.27855,Marina,Marina Beach Road,Service Road,2,5.6,40,Cloudy,29.3,55.2,2966,14.3,Damaged,Daylight,Medium,39.4,13.7,30.0,Yes,Yes,No,Yes,No,2022,3,Monday,No,No,Evening,16,Yes,No,No,4,No,No,Low,Minor,No
CHN202300474,13.062422,80.193435,Koyambedu,Poonamallee High Road,Junction,2,16.7,40,Rainy,25.4,92.6,1031,26.5,Wet,Daylight,Medium,29.6,5.6,43.0,No,No,No,No,No,2022,7,Monday,No,No,Morning,7,No,No,No,6,No,Yes,High,Major,Yes
CHN202400475,13.144301,80.227537,Madhavaram,Madhavaram High Road,Arterial,2,12.2,50,Rainy,26.8,84.7,1267,15.6,Damaged,Daylight,Severe,11.6,3.0,100.0,No,No,Yes,No,No,2023,11,Wednesday,No,No,Morning,9,No,Yes,No,9,No,Yes,High,Minor,Yes
CHN202300476,13.004686,80.256607,Adyar,LB Road,Arterial,4,17.4,60,Sunny,31.2,58.8,2965,5.8,Damaged,Dusk,Medium,38.7,3.1,18.0,No,No,No,No,Yes,2023,12,Sunday,Yes,No,Evening,16,No,Yes,Yes,2,No,No,Low,Major,No
CHN202300477,13.044703,80.233661,T Nagar,Anna Salai,Junction,6,14.8,40,Sunny,34.4,56.9,3259,6.9,Dry,Daylight,Low,47.8,5.0,62.0,Yes,No,Yes,No,No,2024,4,Thursday,No,No,Morning,6,No,No,No,6,No,No,Low,Minor,No
CHN202400478,13.043324,80.234652,T Nagar,Anna Salai,Junction,4,17.6,40,Drizzle,24.5,80.3,2345,18.1,Wet,NightWithoutLights,Medium,41.5,7.5,28.0,No,No,No,No,No,2022,4,Wednesday,No,No,Early Morning,5,No,No,Yes,4,No,No,Medium,Minor,No
CHN202400479,13.009323,80.224157,Guindy,GST Road,Arterial,4,10.8,40,Cloudy,31.5,69.1,3465,14.0,Dry,NightWithLights,Severe,11.0,3.3,84.0,Yes,No,Yes,Yes,No,2024,10,Tuesday,No,Yes,Late Night,3,No,Yes,Yes,4,No,No,Medium,Minor,No
CHN202400480,13.046909,80.274718,Marina,Marina Beach Road,Arterial,4,16.3,40,Cloudy,32.5,57.3,3754,13.0,Damaged,Daylight,Medium,30.2,10.5,42.0,No,No,Yes,Yes,No,2025,11,Sunday,Yes,No,Afternoon,14,Yes,Yes,No,4,No,No,Low,Minor,No
CHN202300481,13.03753,80.273061,Mylapore,Luz Church Road,Residential,2,7.4,40,Sunny,,56.6,3799,14.8,Damaged,Daylight,Severe,10.8,3.2,94.0,No,No,Yes,No,No,2025,2,Wednesday,No,No,Morning,9,No,No,No,5,No,No,Medium,Minor,No
CHN202500482,13.007555,80.217521,Guindy,GST Road,Highway,8,21.6,80,Cloudy,28.2,63.9,1862,9.0,Dry,Dawn,Low,40.6,13.3,42.0,No,Yes,Yes,No,No,2024,9,Tuesday,No,No,Early Morning,4,No,Yes,Yes,5,No,No,Low,Major,No
CHN202200483,13.035343,80.239502,T Nagar,Anna Salai,Arterial,4,16.2,60,Cloudy,27.1,68.6,1732,16.1,Dry,Daylight,Medium,28.5,4.2,34.0,No,No,No,No,No,2024,3,Saturday,Yes,No,Afternoon,14,Yes,Yes,Yes,7,No,No,Low,Minor,No
CHN202300484,12.946633,80.147949,Chrompet,GST Road,Arterial,4,14.6,40,Sunny,34.7,53.5,2481,12.9,Wet,Daylight,Medium,28.9,6.5,42.0,No,No,No,Yes,No,2022,11,Thursday,No,No,Morning,8,No,No,No,4,No,No,Low,Minor,No
CHN202500485,13.066372,80.189072,Koyambedu,Poonamallee High Road,Arterial,4,12.8,50,Cloudy,29.1,63.8,3614,14.6,Dry,Daylight,Medium,23.5,2.3,49.0,No,Yes,Yes,No,No,2024,2,Tuesday,No,No,Morning,8,Yes,No,No,3,No,No,Low,Minor,No
CHN202300486,13.146541,80.23035,Madhavaram,Madhavaram High Road,Arterial,2,11.7,60,Sunny,30.3,61.7,2414,8.6,Dry,Dusk,High,29.9,10.4,49.0,Yes,,No,No,No,2024,11,Saturday,Yes,No,Evening,18,No,No,No,4,No,No,Medium,Minor,No
CHN202400487,13.048474,80.274952,Marina,Marina Beach Road,Arterial,4,16.3,40,Sunny,36.0,54.9,4526,11.3,Potholes,NightWithoutLights,Medium,31.1,4.3,55.0,No,Yes,No,Yes,No,2024,3,Saturday,Yes,No,Night,21,Yes,Yes,No,10,No,Yes,Medium,Major,Yes
CHN202400488,13.086826,80.213429,Anna Nagar,Anna Nagar 2nd Avenue,Residential,1,8.1,20,Rainy,25.8,94.2,1210,14.8,UnderConstruction,Daylight,High,12.8,5.3,100.0,Yes,Yes,Yes,No,No,2024,7,Monday,No,No,Afternoon,13,Yes,No,No,3,Yes,No,Medium,Minor,No
CHN202500489,13.14467,80.234502,Madhavaram,Madhavaram High Road,Arterial,4,16.7,60,Rainy,27.6,77.3,325,20.6,Damaged,NightWithLights,Medium,32.1,5.2,48.0,No,No,Yes,No,No,2022,1,Tuesday,No,No,Night,19,No,Yes,No,3,No,No,High,Major,Yes
CHN202400490,12.963065,80.243285,Perungudi,OMR,Highway,6,19.8,80,Cloudy,32.3,60.8,2094,18.3,Wet,Daylight,Severe,11.1,8.2,61.0,No,No,No,Yes,No,2025,4,Wednesday,No,Yes,Afternoon,13,No,No,No,5,No,No,Medium,Major,No
CHN202200491,13.010051,80.22029,Guindy,GST Road,Highway,6,17.1,60,Sunny,34.8,52.3,4890,5.1,Potholes,Daylight,High,21.8,19.5,50.0,No,No,Yes,No,No,2022,3,Tuesday,No,No,Afternoon,11,No,No,No,7,No,No,Medium,Major,Yes
CHN202300492,13.049382,80.209529,Vadapalani,Arcot Road,Arterial,4,14.6,60,Drizzle,27.1,,957,20.1,Wet,Daylight,High,16.4,6.4,50.0,No,No,No,No,No,2025,11,Saturday,Yes,No,Afternoon,15,No,Yes,No,6,Yes,No,Medium,Major,No
CHN202400493,13.042922,80.236692,T Nagar,Anna Salai,Flyover,2,11.9,80,Rainy,27.2,85.9,1319,,Wet,NightWithoutLights,High,22.2,6.8,63.0,No,No,No,No,No,2024,10,Wednesday,No,Yes,Early Morning,5,No,No,Yes,7,Yes,No,High,Fatal,Yes
CHN202200494,12.969639,80.239421,Perungudi,OMR,Highway,4,17.4,80,Sunny,34.6,50.3,2761,17.3,UnderConstruction,Dusk,High,19.5,12.6,49.0,No,No,Yes,Yes,No,2025,8,Saturday,Yes,No,Evening,16,Yes,Yes,No,6,Yes,No,Medium,Fatal,Yes
CHN202400495,13.073163,80.273334,Egmore,Mount Road,Arterial,4,10.7,60,Foggy,21.9,95.7,288,7.3,Dry,Daylight,Medium,27.8,7.0,53.0,Yes,No,Yes,No,No,2025,6,Wednesday,No,No,Afternoon,15,No,No,No,5,No,No,Low,Minor,No
CHN202500496,13.050534,80.28392,Marina,Marina Beach Road,Arterial,4,11.6,60,Sunny,33.8,61.1,4318,7.5,Damaged,NightWithoutLights,High,24.4,10.6,75.0,No,No,Yes,No,Yes,2023,4,Wednesday,No,No,Night,21,No,Yes,Yes,5,No,No,High,Major,No
CHN202500497,12.978508,80.218064,Velachery,Velachery Main Road,Arterial,2,10.5,60,Sunny,33.7,47.1,3774,18.0,Dry,NightWithoutLights,High,16.8,3.1,60.0,No,No,Yes,Yes,No,2025,12,Sunday,Yes,No,Early Morning,5,Yes,Yes,Yes,4,No,No,Medium,Minor,No
CHN202500498,13.105859,80.244003,Perambur,Paper Mills Road,Arterial,4,13.9,50,Drizzle,29.0,80.1,915,15.9,UnderConstruction,Dusk,High,27.0,5.4,65.0,No,No,No,No,No,2025,8,Tuesday,No,No,Evening,17,No,No,No,1,Yes,No,Medium,Minor,No
CHN202300499,12.95035,80.149264,Chrompet,GST Road,Arterial,2,16.1,60,Rainy,29.2,82.4,1128,15.3,Wet,Daylight,High,17.4,6.3,84.0,Yes,No,Yes,No,No,2022,2,Tuesday,No,Yes,Afternoon,11,No,No,Yes,5,No,No,High,Major,No
CHN202400500,13.087144,80.210354,Anna Nagar,Anna Nagar 2nd Avenue,Residential,2,5.9,40,Sunny,35.1,56.7,3865,8.7,Dry,NightWithLights,Medium,32.3,6.4,37.0,No,No,No,No,No,2023,3,Sunday,Yes,Yes,Late Night,3,No,Yes,Yes,1,No,No,Low,Major,No
CHN202300501,12.904249,80.230621,Sholinganallur,OMR,Highway,8,17.5,60,Cloudy,28.7,57.5,2145,17.9,Potholes,Dusk,Medium,31.6,9.7,59.0,No,No,Yes,Yes,No,2025,12,Thursday,No,No,Evening,16,Yes,Yes,No,5,No,No,Medium,Minor,No
CHN202400502,12.934672,80.255968,Neelankarai,ECR,Highway,4,21.5,60,Rainy,,93.1,796,22.8,Wet,Daylight,High,25.5,22.2,66.0,No,No,Yes,Yes,No,2022,9,Wednesday,No,No,Morning,7,Yes,Yes,No,1,No,No,Medium,Major,No
CHN202400503,13.116541,80.23502,Perambur,Paper Mills Road,Arterial,2,10.6,50,Sunny,38.0,59.9,3437,6.8,Wet,Daylight,Low,51.9,3.8,5.0,No,No,No,No,No,2025,12,Monday,No,No,Morning,6,Yes,No,Yes,4,No,No,Low,Minor,No
CHN202400504,12.923054,80.128817,Tambaram,GST Road,Highway,4,14.6,100,Sunny,34.8,64.6,2559,9.9,Potholes,NightWithoutLights,High,19.5,23.7,,No,No,Yes,Yes,No,2024,12,Friday,No,No,Late Night,2,No,No,Yes,8,No,Yes,High,Fatal,Yes
CHN202500505,12.911052,80.252736,Injambakkam,ECR,Junction,6,14.9,50,Sunny,38.2,56.3,3168,12.6,Damaged,NightWithLights,High,19.5,8.4,52.0,Yes,No,Yes,No,No,2022,4,Saturday,Yes,No,Late Night,0,No,No,Yes,10,No,Yes,High,Major,Yes
CHN202500506,13.031714,80.163602,Porur,Mount Poonamallee Road,Arterial,4,12.7,40,Sunny,31.4,61.4,2659,15.7,Dry,Daylight,Severe,13.7,2.4,51.0,No,No,No,No,No,2024,1,Sunday,Yes,Yes,Morning,10,No,Yes,Yes,8,No,Yes,Medium,Minor,Yes
CHN202500507,13.077365,80.261334,Egmore,Mount Road,Highway,6,18.8,100,Rainy,29.7,76.4,554,10.6,Potholes,Dusk,High,17.8,5.1,55.0,No,No,No,No,No,2022,12,Saturday,Yes,No,Evening,18,Yes,Yes,No,6,No,No,High,Fatal,No
CHN202500508,12.980653,80.220504,Velachery,Velachery Main Road,Arterial,4,11.6,60,Rainy,27.2,91.9,1104,12.8,Damaged,Dusk,High,21.2,9.9,53.0,Yes,No,No,Yes,No,2025,1,Tuesday,No,No,Evening,16,Yes,Yes,Yes,4,No,No,Medium,Minor,No
CHN202200509,12.936965,80.23354,Thoraipakkam,OMR,Highway,6,21.5,60,Rainy,26.8,83.1,731,12.9,Wet,Dawn,High,12.2,7.9,53.0,Yes,No,Yes,No,No,2024,12,Sunday,Yes,No,Early Morning,5,No,Yes,No,4,No,Yes,High,Fatal,Yes
CHN202200510,13.008515,80.26035,Adyar,LB Road,Arterial,4,12.8,50,Sunny,38.9,49.6,3940,5.5,Dry,NightWithoutLights,Severe,13.5,11.7,77.0,Yes,No,Yes,No,No,2024,2,Friday,No,No,Night,20,Yes,Yes,Yes,5,No,No,Medium,Major,No
CHN202500511,12.976477,80.217499,Velachery,Velachery Main Road,Arterial,4,12.9,50,Sunny,35.9,52.5,3121,5.8,Dry,Daylight,High,28.3,4.4,88.0,No,Yes,Yes,Yes,No,2025,11,Thursday,No,No,Afternoon,11,No,No,Yes,4,Yes,No,Low,Minor,No
CHN202300512,12.789471,80.21465,Kelambakkam,OMR Service Road,Service Road,2,5.9,20,Foggy,25.1,93.1,340,3.0,Damaged,NightWithoutLights,Medium,32.1,20.3,40.0,Yes,Yes,No,Yes,No,2023,5,Wednesday,No,Yes,Night,20,No,No,No,4,No,No,High,Minor,Yes
CHN202300513,12.903646,80.222877,Sholinganallur,OMR,Highway,6,18.8,80,Rainy,28.0,86.7,934,24.1,Wet,Dawn,Severe,16.4,17.4,83.0,No,No,No,Yes,No,2025,9,Thursday,No,No,Early Morning,4,No,Yes,No,13,No,Yes,High,Fatal,Yes
CHN202300514,13.151927,80.226651,Madhavaram,Madhavaram High Road,Arterial,4,18.0,60,Cloudy,,58.3,1753,15.6,Damaged,Dusk,Medium,38.8,5.2,74.0,Yes,Yes,Yes,No,No,2022,1,Thursday,No,Yes,Evening,18,No,No,Yes,5,No,No,Medium,Minor,No
CHN202200515,13.037817,80.232397,T Nagar,Anna Salai,Arterial,2,11.5,40,Rainy,24.4,85.7,1131,11.2,Damaged,NightWithoutLights,High,19.9,2.8,67.0,Yes,No,Yes,No,No,2025,10,Sunday,Yes,Yes,Night,20,No,No,Yes,6,No,No,High,Major,No
CHN202500516,13.040696,80.155416,Porur,Mount Poonamallee Road,Arterial,4,11.3,40,Foggy,24.7,88.1,368,8.6,Dry,NightWithoutLights,Medium,34.7,4.5,28.0,Yes,No,No,Yes,No,2024,5,Saturday,Yes,No,Late Night,1,No,No,No,6,No,No,Medium,Major,No
CHN202200517,13.004428,80.222699,Guindy,GST Road,Highway,8,14.2,80,Drizzle,24.9,75.1,2205,9.7,Wet,Daylight,Low,41.1,14.2,25.0,No,No,No,No,No,2025,4,Wednesday,No,No,Morning,7,No,No,Yes,3,No,No,Low,Major,No
CHN202200518,13.012267,80.209711,Kathipara,GST Road Flyover,Junction,2,19.7,30,Cloudy,28.7,67.1,1592,10.9,Dry,NightWithLights,Medium,32.6,3.1,51.0,No,No,Yes,No,No,2025,3,Friday,No,No,Late Night,23,No,No,No,8,No,No,Low,Minor,No
CHN202200519,13.000617,80.258052,Adyar,LB Road,Arterial,2,17.0,60,Sunny,34.5,49.1,3236,7.1,Dry,Dawn,High,21.8,11.1,41.0,No,No,No,No,No,2023,10,Friday,No,Yes,Early Morning,5,No,Yes,No,5,No,No,Low,Minor,No
CHN202300520,13.115319,80.242253,Perambur,Paper Mills Road,Arterial,2,13.0,60,Drizzle,28.9,73.7,1771,16.1,Wet,NightWithLights,High,25.2,4.1,63.0,No,No,Yes,Yes,No,2024,1,Sunday,Yes,Yes,Late Night,0,No,Yes,Yes,2,No,No,High,Fatal,Yes
CHN202300521,12.924457,80.124323,Tambaram,GST Road,Flyover,4,9.0,70,Sunny,33.8,60.8,4534,5.1,Dry,NightWithLights,Medium,37.6,6.4,45.0,No,No,No,No,Yes,2025,4,Wednesday,No,No,Night,19,No,No,No,5,Yes,No,Medium,Major,Yes
CHN202500522,12.964566,80.240278,Perungudi,OMR,Junction,4,19.9,50,Cloudy,33.9,71.6,1844,15.1,Dry,Daylight,Medium,35.0,2.3,38.0,No,No,Yes,Yes,No,2024,3,Thursday,No,Yes,Evening,17,Yes,Yes,No,3,No,No,Medium,Minor,No
CHN202300523,13.051963,80.210001,Vadapalani,Arcot Road,Junction,4,15.5,40,Drizzle,24.0,86.2,1646,16.5,Wet,Daylight,Severe,11.1,4.8,96.0,No,No,No,No,No,2023,11,Monday,No,No,Afternoon,15,No,No,No,10,No,Yes,High,Major,Yes
CHN202200524,13.116745,80.237373,Perambur,Paper Mills Road,Arterial,4,12.3,50,Sunny,30.1,48.1,3588,16.0,UnderConstruction,Dawn,Medium,29.8,4.0,31.0,No,No,No,No,No,2025,10,Tuesday,No,No,Early Morning,5,No,Yes,No,8,Yes,Yes,High,Major,Yes
CHN202200525,13.114432,80.098337,Avadi,Chennai Bypass Road,Service Road,2,6.6,30,Sunny,34.9,60.0,3546,15.1,Dry,NightWithoutLights,Severe,9.3,11.0,83.0,No,No,No,Yes,No,2022,4,Monday,No,No,Late Night,0,No,No,No,10,No,No,Medium,Minor,No
CHN202400526,13.032943,80.269247,Mylapore,Luz Church Road,Residential,1,5.1,30,Cloudy,29.9,62.4,3964,13.7,Damaged,NightWithoutLights,High,25.9,9.7,50.0,No,No,No,Yes,No,2023,11,Saturday,Yes,Yes,Late Night,3,No,Yes,Yes,3,No,No,Medium,Major,No
CHN202400527,13.032438,80.261484,Mylapore,Luz Church Road,Residential,1,8.6,20,Drizzle,24.6,87.7,2216,9.6,Wet,NightWithLights,High,21.6,7.6,41.0,No,No,No,No,No,2022,4,Saturday,Yes,No,Late Night,3,No,No,No,4,No,No,Medium,Minor,No
CHN202500528,12.973966,80.216701,Velachery,Velachery Main Road,Arterial,2,10.5,60,Drizzle,27.7,73.6,2480,16.8,UnderConstruction,Daylight,Low,43.2,7.9,16.0,No,No,No,No,No,2022,10,Tuesday,No,No,Afternoon,12,Yes,No,No,6,Yes,No,Medium,Major,No
CHN202400529,13.00965,80.21808,Guindy,GST Road,Highway,8,23.5,80,Sunny,31.3,58.2,3217,13.9,Wet,NightWithLights,High,20.3,18.4,86.0,No,Yes,Yes,Yes,Yes,2025,4,Wednesday,No,No,Night,21,No,Yes,Yes,2,No,No,Medium,Major,No
CHN202300530,12.917877,80.133883,Tambaram,GST Road,Highway,6,23.0,100,Rainy,25.3,84.5,666,26.0,Dry,Daylight,Medium,21.8,18.5,59.0,No,No,Yes,No,No,2024,6,Wednesday,No,No,Morning,6,No,No,No,4,Yes,No,Medium,Fatal,No
CHN202400531,12.916942,80.252747,Injambakkam,ECR,Highway,6,17.9,80,Rainy,24.2,78.7,794,21.9,Dry,Daylight,Severe,5.6,16.1,88.0,No,Yes,No,No,No,2024,7,Wednesday,No,No,Afternoon,15,No,No,Yes,11,No,No,Medium,Major,No
CHN202500532,12.916345,80.251747,Injambakkam,ECR,Highway,4,22.8,80,Sunny,34.2,47.2,4193,13.0,Dry,NightWithLights,High,32.1,20.9,43.0,Yes,No,No,No,No,2023,1,Thursday,No,Yes,Late Night,1,No,Yes,Yes,4,No,No,Medium,Fatal,No
CHN202500533,13.035022,80.271382,Mylapore,Luz Church Road,Residential,2,6.0,30,Rainy,28.7,90.8,1188,14.6,Wet,NightWithLights,Medium,32.5,5.0,23.0,No,No,Yes,Yes,No,2025,10,Friday,No,No,Late Night,3,No,No,Yes,5,No,No,Medium,Minor,No
CHN202400534,13.114265,80.157646,Ambattur,Ambattur Industrial Estate Road,Residential,2,6.7,40,Sunny,36.7,60.6,3344,12.0,Dry,Dusk,High,16.2,5.6,48.0,No,No,No,Yes,No,2022,9,Tuesday,No,No,Evening,18,No,No,Yes,0,No,No,Low,Minor,No
CHN202300535,13.028277,80.261828,Mylapore,Luz Church Road,Highway,4,17.5,60,Rainy,27.0,83.2,1169,15.9,Potholes,Dawn,Severe,9.3,,61.0,No,No,No,No,No,2024,12,Thursday,No,No,Early Morning,4,No,No,No,4,Yes,No,High,Major,Yes
CHN202400536,12.897347,80.225855,Sholinganallur,OMR,Highway,6,16.2,80,Sunny,31.4,60.4,2035,8.5,Dry,Daylight,Medium,28.8,5.7,42.0,No,No,Yes,No,No,2025,12,Monday,No,No,Afternoon,13,Yes,No,Yes,5,No,No,Medium,Fatal,No
CHN202500537,13.042503,80.236585,T Nagar,Anna Salai,Highway,4,19.3,60,Sunny,38.2,65.0,2727,7.8,Dry,NightWithLights,High,19.9,15.7,71.0,No,No,Yes,No,Yes,2025,2,Monday,No,No,Night,20,Yes,No,Yes,3,No,No,Low,Major,No
CHN202300538,13.11859,80.154432,Ambattur,Ambattur Industrial Estate Road,Service Road,2,5.3,30,Sunny,33.6,49.9,4421,12.9,Dry,NightWithLights,Medium,29.9,19.0,,Yes,No,,Yes,Yes,2023,10,Sunday,Yes,No,Late Night,23,No,No,No,1,No,No,Low,Major,No
CHN202400539,12.937786,80.2348,Thoraipakkam,OMR,Highway,4,17.2,60,Sunny,32.3,53.2,3405,11.8,Dry,NightWithLights,Severe,10.0,15.9,87.0,No,No,No,Yes,No,2023,10,Sunday,Yes,Yes,Night,19,No,No,Yes,4,No,No,High,Fatal,No
CHN202500540,13.005171,80.253932,Adyar,LB Road,Arterial,4,12.3,50,Drizzle,28.2,75.7,1471,19.8,Wet,NightWithLights,Severe,7.8,3.3,69.0,No,No,Yes,No,No,2023,10,Friday,No,Yes,Late Night,0,Yes,Yes,No,7,No,No,High,Major,Yes
CHN202400541,12.959667,80.238807,Perungudi,OMR,Arterial,4,16.9,40,Rainy,28.3,81.7,888,22.8,Potholes,NightWithLights,High,23.6,9.8,61.0,No,No,No,Yes,No,2023,8,Wednesday,No,No,Late Night,2,No,No,No,10,No,Yes,High,Major,Yes
CHN202200542,13.116224,80.241355,Perambur,Paper Mills Road,Arterial,4,15.6,40,Sunny,30.6,61.1,4169,13.3,Dry,Dusk,Severe,13.0,10.1,87.0,Yes,No,No,No,No,2025,1,Wednesday,No,Yes,Evening,17,No,No,No,9,No,Yes,Medium,Minor,No
CHN202500543,13.004483,80.220593,Guindy,GST Road,Highway,6,19.6,80,Cloudy,27.1,55.9,2778,19.6,Dry,NightWithoutLights,High,17.8,20.8,57.0,No,No,No,No,No,2022,10,Friday,No,No,Late Night,1,No,Yes,Yes,4,No,No,Medium,Major,No
CHN202500544,12.939833,80.235068,Thoraipakkam,OMR,Highway,4,20.3,60,Rainy,28.4,92.3,489,22.1,Potholes,Daylight,High,11.4,23.6,74.0,No,No,No,No,No,2024,9,Monday,No,No,Afternoon,13,No,Yes,No,5,Yes,No,High,Major,No
CHN202500545,13.113567,80.090913,Avadi,Chennai Bypass Road,Highway,8,14.9,80,Rainy,25.5,80.1,1015,22.6,Damaged,Dawn,Severe,7.7,8.4,82.0,Yes,No,Yes,No,No,2023,12,Saturday,Yes,No,Early Morning,5,No,No,No,10,No,No,High,Fatal,Yes
CHN202200546,13.04773,80.230324,T Nagar,Anna Salai,Service Road,2,6.6,30,Rainy,28.6,86.7,1496,15.0,Damaged,NightWithLights,Low,42.9,19.5,50.0,No,Yes,Yes,Yes,Yes,2023,5,Tuesday,No,No,Late Night,0,No,No,No,2,Yes,No,Medium,Minor,No
CHN202300547,12.904444,80.229175,Sholinganallur,OMR,Highway,4,17.3,80,Cloudy,31.2,68.7,3116,18.5,Dry,NightWithoutLights,Medium,39.7,17.6,49.0,Yes,No,No,No,No,2024,4,Saturday,Yes,No,Early Morning,4,No,Yes,Yes,3,No,No,Low,Fatal,No
CHN202500548,12.950604,80.149045,Chrompet,GST Road,Junction,4,14.0,50,Sunny,33.4,61.0,3775,17.1,Dry,NightWithLights,Medium,30.3,2.2,35.0,No,No,Yes,No,No,2023,3,Wednesday,No,No,Late Night,1,No,No,Yes,4,No,No,Low,Minor,No
CHN202400549,12.967334,80.238948,Perungudi,OMR,Highway,6,21.7,60,Cloudy,30.1,56.8,2718,18.2,Dry,NightWithoutLights,Severe,11.8,7.5,68.0,No,No,No,No,No,2024,10,Sunday,Yes,Yes,Night,20,No,Yes,Yes,6,No,No,High,Fatal,No
CHN202300550,13.039011,80.288854,Marina,Marina Beach Road,Arterial,4,13.9,60,Sunny,38.7,60.3,4195,17.2,Dry,Dawn,Medium,39.1,4.5,49.0,Yes,No,Yes,Yes,No,2022,3,Saturday,Yes,No,Early Morning,5,No,Yes,Yes,8,No,Yes,Medium,Major,No
CHN202300551,13.005314,80.258945,Adyar,LB Road,Arterial,4,11.9,40,Rainy,29.7,88.6,789,20.9,Potholes,NightWithLights,Medium,29.6,6.3,47.0,No,Yes,No,No,No,2024,11,Saturday,Yes,Yes,Late Night,3,No,No,No,6,No,No,High,Major,No
CHN202400552,12.940026,80.236104,Thoraipakkam,OMR,Service Road,1,5.4,20,Drizzle,26.9,87.9,1384,13.8,Wet,Dawn,Medium,34.4,,30.0,No,No,No,Yes,No,2025,1,Thursday,No,No,Early Morning,4,No,No,Yes,4,No,No,Low,Minor,No
CHN202300553,13.084352,80.207004,Anna Nagar,Anna Nagar 2nd Avenue,Residential,2,5.5,30,Cloudy,29.4,70.9,1638,17.3,Dry,NightWithoutLights,Low,32.5,2.3,38.0,No,Yes,Yes,Yes,No,2024,2,Tuesday,No,No,Night,20,Yes,No,Yes,2,Yes,No,Low,Minor,No
CHN202400554,12.796171,80.226277,Kelambakkam,OMR Service Road,Highway,6,20.8,80,Rainy,24.1,77.5,573,15.4,Potholes,NightWithLights,High,18.1,8.3,59.0,No,No,No,No,No,2024,7,Wednesday,No,No,Late Night,2,No,Yes,No,6,No,No,High,Fatal,No
CHN202500555,13.088971,80.203544,Anna Nagar,Anna Nagar 2nd Avenue,Residential,2,8.3,30,Sunny,37.9,57.4,3381,16.4,Dry,NightWithLights,Severe,14.3,10.0,100.0,Yes,Yes,No,No,No,2024,1,Friday,No,No,Night,22,Yes,No,No,5,Yes,No,Medium,Minor,No
CHN202500556,13.041623,80.233525,T Nagar,Anna Salai,Service Road,2,6.1,20,Sunny,31.2,55.2,4047,10.1,Dry,NightWithLights,Medium,29.6,17.0,17.0,No,No,No,Yes,No,2022,3,Monday,No,Yes,Late Night,2,No,No,No,3,No,No,Low,Minor,No
CHN202500557,13.10591,80.094806,Avadi,Chennai Bypass Road,Highway,4,14.2,80,Sunny,35.3,49.6,3284,7.3,Dry,Dawn,Low,48.2,5.5,17.0,Yes,No,Yes,No,No,2023,3,Saturday,Yes,No,Early Morning,4,Yes,Yes,Yes,1,No,No,Low,Major,No
CHN202500558,13.073423,80.267127,Egmore,Mount Road,Arterial,4,13.4,50,Sunny,32.2,45.5,4015,13.0,Wet,NightWithLights,Medium,39.5,4.2,52.0,No,Yes,Yes,No,No,2025,11,Sunday,Yes,Yes,Late Night,3,Yes,No,No,6,No,No,High,Major,No
CHN202500559,13.012792,80.257599,Adyar,LB Road,Arterial,4,13.1,50,Sunny,29.2,62.0,2237,9.3,Dry,Daylight,Medium,19.8,11.2,64.0,Yes,No,No,No,No,2022,12,Wednesday,No,No,Morning,9,No,Yes,Yes,5,No,No,Low,Major,No
CHN202500560,13.046776,80.210105,Vadapalani,Arcot Road,Arterial,4,16.5,60,Sunny,37.3,51.1,3256,11.0,Dry,NightWithLights,Severe,17.6,6.0,60.0,No,No,Yes,No,No,2022,3,Saturday,Yes,No,Night,19,No,Yes,No,8,No,Yes,High,Fatal,Yes
CHN202300561,12.98132,80.211833,Velachery,Velachery Main Road,Arterial,4,17.1,60,Sunny,,48.8,2249,8.8,Dry,NightWithoutLights,Low,51.4,11.8,33.0,Yes,,Yes,No,No,2024,6,Tuesday,No,No,Late Night,2,Yes,No,Yes,0,No,No,Medium,Major,No
CHN202300562,13.046559,80.276991,Marina,Marina Beach Road,Arterial,2,10.0,40,Sunny,35.7,47.9,3756,6.6,Damaged,NightWithLights,Severe,14.5,11.5,74.0,No,No,Yes,Yes,Yes,2023,4,Friday,No,No,Late Night,23,Yes,Yes,No,7,No,No,High,Minor,Yes
CHN202200563,13.036455,80.234125,T Nagar,Anna Salai,Highway,4,14.9,100,Rainy,29.6,78.2,926,12.4,Potholes,Daylight,High,21.8,20.8,48.0,Yes,No,No,Yes,No,2023,10,Monday,No,No,Evening,17,No,No,Yes,4,Yes,No,High,Fatal,No
CHN202200564,12.786116,80.214333,Kelambakkam,OMR Service Road,Service Road,2,4.6,30,Sunny,33.5,57.3,2466,7.9,Damaged,NightWithLights,High,28.0,18.2,60.0,No,No,No,No,No,2025,4,Saturday,Yes,No,Late Night,0,Yes,No,No,6,No,No,High,Major,No
CHN202500565,12.921124,80.126283,Tambaram,GST Road,Highway,8,14.6,100,Rainy,29.4,85.5,1061,17.2,Wet,Daylight,Severe,14.3,9.0,71.0,No,No,No,No,No,2025,8,Monday,No,Yes,Morning,7,No,No,Yes,11,Yes,Yes,High,Fatal,Yes
CHN202500566,12.913508,80.122584,Tambaram,GST Road,Highway,6,14.7,80,Drizzle,28.3,85.8,1956,14.5,Damaged,Dusk,Medium,25.6,9.5,48.0,No,Yes,No,Yes,No,2024,7,Monday,No,No,Evening,16,No,No,No,5,No,No,Medium,Fatal,No
CHN202400567,13.115019,80.096699,Avadi,Chennai Bypass Road,Highway,6,20.9,60,Sunny,29.7,57.0,4663,6.5,Dry,Dusk,High,24.8,17.3,62.0,No,,No,No,No,2023,11,Tuesday,No,No,Evening,16,No,No,Yes,5,No,No,Low,Minor,No
CHN202400568,12.919258,80.253907,Injambakkam,ECR,Service Road,1,7.0,30,Rainy,25.6,84.4,819,26.3,Potholes,Dusk,Low,43.6,17.1,24.0,No,Yes,No,No,No,2025,10,Saturday,Yes,No,Evening,16,No,No,No,4,No,No,Low,Minor,No
CHN202500569,13.047734,80.09956,Poonamallee,Poonamallee High Road,Arterial,4,13.6,40,Sunny,37.5,47.4,4094,7.9,Dry,Daylight,Low,45.0,2.1,17.0,No,No,No,No,No,2022,6,Sunday,Yes,No,Afternoon,11,No,No,Yes,2,No,No,Low,Minor,No
CHN202200570,13.050587,80.219208,Vadapalani,Arcot Road,Arterial,4,17.2,50,Cloudy,32.8,67.4,2065,9.5,Dry,Daylight,Low,46.3,8.0,10.0,No,No,Yes,No,No,2024,4,Saturday,Yes,No,Afternoon,13,No,Yes,Yes,8,No,No,Low,Minor,No
CHN202300571,12.978829,80.218654,Velachery,Velachery Main Road,Arterial,4,15.1,40,Rainy,27.6,89.5,1001,11.2,Wet,Daylight,High,18.2,4.7,61.0,No,No,Yes,No,No,2022,10,Tuesday,No,Yes,Afternoon,14,No,No,Yes,7,Yes,No,Medium,Minor,No
CHN202500572,12.963949,80.238533,Perungudi,OMR,Highway,4,20.2,60,Sunny,31.4,64.1,3089,11.4,Dry,NightWithLights,Medium,37.3,5.1,46.0,No,Yes,No,No,No,2022,12,Saturday,Yes,No,Late Night,2,No,No,No,3,No,No,Low,Major,No
CHN202400573,13.038828,80.231272,T Nagar,Anna Salai,Arterial,4,15.0,50,Cloudy,28.8,66.2,2013,19.0,Dry,Daylight,High,26.1,6.7,67.0,No,Yes,No,No,Yes,2022,2,Saturday,Yes,No,Evening,16,Yes,Yes,Yes,6,No,No,Low,Major,No
CHN202300574,13.069736,80.19059,Koyambedu,Poonamallee High Road,Residential,1,6.8,40,Cloudy,34.0,70.3,2160,10.7,Dry,NightWithLights,High,24.1,5.4,53.0,No,No,No,No,No,2023,9,Friday,No,No,Late Night,3,Yes,No,No,3,No,No,Low,Minor,No
CHN202400575,13.11899,80.094623,Avadi,Chennai Bypass Road,Highway,6,20.8,80,Cloudy,28.0,65.4,3692,13.5,Potholes,Daylight,High,16.5,5.4,52.0,No,No,No,Yes,No,2022,2,Saturday,Yes,No,Morning,7,No,Yes,Yes,5,No,No,Low,Fatal,No
CHN202300576,13.072747,80.189921,Koyambedu,Poonamallee High Road,Highway,4,18.8,80,Rainy,25.0,84.9,1450,20.6,Wet,Daylight,Low,37.2,8.6,13.0,No,No,No,Yes,Yes,2025,8,Tuesday,No,No,Afternoon,13,No,Yes,Yes,5,No,No,Low,Major,No
CHN202500577,12.949066,80.140367,Chrompet,GST Road,Arterial,2,17.0,50,Sunny,36.5,63.1,4452,11.4,Dry,Daylight,Medium,40.7,4.5,47.0,Yes,No,Yes,No,No,2022,12,Thursday,No,No,Evening,17,No,Yes,Yes,2,No,No,Low,Minor,No
CHN202300578,13.149049,80.233372,Madhavaram,Madhavaram High Road,Arterial,4,11.9,40,Drizzle,27.7,73.9,1484,11.2,Damaged,Daylight,Severe,9.3,4.9,68.0,No,No,No,No,No,2023,5,Tuesday,No,No,Evening,18,No,Yes,Yes,9,No,Yes,High,Minor,Yes
CHN202200579,13.008364,80.223279,Guindy,GST Road,Highway,4,19.3,60,Foggy,24.0,92.4,285,7.4,Damaged,NightWithoutLights,Medium,25.0,13.3,54.0,No,Yes,No,No,No,2024,7,Friday,No,No,Late Night,2,No,No,Yes,9,No,No,High,Major,Yes
CHN202300580,13.055191,80.104178,Poonamallee,Poonamallee High Road,Arterial,2,10.6,50,Sunny,29.6,61.3,2985,12.5,Dry,Daylight,Medium,37.8,3.1,69.0,Yes,No,Yes,Yes,No,2024,8,Friday,No,No,Afternoon,12,No,Yes,No,4,No,No,Low,Minor,No
CHN202500581,13.031475,80.273217,Mylapore,Luz Church Road,Residential,2,5.9,40,Cloudy,30.6,62.3,1732,16.5,Dry,NightWithLights,Medium,35.6,2.7,50.0,No,Yes,Yes,Yes,No,2025,10,Saturday,Yes,No,Late Night,1,No,No,Yes,7,No,No,Low,Minor,No
CHN202400582,12.950381,80.144299,Chrompet,GST Road,Arterial,2,12.9,50,Cloudy,30.4,55.4,2612,8.3,Dry,NightWithLights,Medium,33.0,3.0,38.0,Yes,No,No,No,No,2024,4,Sunday,Yes,No,Late Night,3,No,Yes,Yes,4,No,No,Low,Major,No
CHN202400583,12.784754,80.226135,Kelambakkam,OMR Service Road,Junction,2,11.2,30,Drizzle,28.0,76.6,1968,20.9,Wet,NightWithoutLights,Medium,30.3,8.0,36.0,No,No,No,No,No,2022,6,Saturday,Yes,No,Early Morning,4,No,No,Yes,7,No,No,Medium,Minor,No
CHN202200584,12.984853,80.214684,Velachery,Velachery Main Road,Arterial,4,15.8,60,Sunny,32.9,,3121,9.9,UnderConstruction,Daylight,Medium,31.9,10.4,32.0,No,No,No,No,No,2024,11,Thursday,No,No,Afternoon,14,Yes,No,No,8,Yes,Yes,High,Minor,Yes
CHN202300585,12.933915,80.256758,Neelankarai,ECR,Highway,6,21.6,60,Rainy,26.4,76.2,773,12.6,Potholes,NightWithLights,High,19.6,20.5,73.0,Yes,No,Yes,Yes,No,2022,8,Sunday,Yes,No,Late Night,3,No,Yes,No,4,No,No,High,Fatal,No
CHN202300586,13.058509,80.277097,Marina,Marina Beach Road,Arterial,2,13.3,40,Sunny,37.0,60.0,4077,13.9,Dry,NightWithoutLights,Low,53.5,6.5,23.0,No,No,Yes,Yes,No,2023,1,Monday,No,Yes,Early Morning,4,No,Yes,No,3,No,No,Low,Minor,No
CHN202400587,12.913866,80.255273,Injambakkam,ECR,Highway,4,16.7,80,Rainy,24.0,89.9,706,21.5,Potholes,Daylight,Severe,11.7,17.3,75.0,Yes,No,No,No,No,2022,12,Tuesday,No,No,Evening,17,No,Yes,No,5,No,No,High,Major,No
CHN202200588,13.115731,80.154267,Ambattur,Ambattur Industrial Estate Road,Residential,2,7.3,30,Rainy,29.7,91.4,790,22.2,Wet,Daylight,Medium,31.1,11.9,48.0,No,Yes,No,Yes,No,2023,3,Thursday,No,No,Afternoon,11,Yes,No,Yes,1,No,No,Low,Minor,No
CHN202500589,13.048702,80.287314,Marina,Marina Beach Road,Flyover,4,13.6,60,Rainy,28.4,80.4,1404,25.6,Potholes,NightWithoutLights,Low,39.7,3.1,36.0,No,No,No,No,No,2023,5,Wednesday,No,No,Late Night,0,No,No,Yes,1,No,No,Medium,Fatal,Yes
CHN202400590,13.113383,80.242932,Perambur,Paper Mills Road,Highway,6,15.9,100,Rainy,29.0,79.7,965,18.3,Damaged,NightWithLights,Medium,26.8,12.1,42.0,No,No,Yes,Yes,No,2025,3,Tuesday,No,Yes,Night,20,No,Yes,No,3,No,No,High,Fatal,No
CHN202400591,13.049795,80.215717,Vadapalani,Arcot Road,Highway,6,22.5,80,Sunny,34.8,47.5,2922,11.6,Dry,Daylight,Medium,25.2,7.2,61.0,Yes,No,Yes,No,No,2022,2,Friday,No,No,Morning,6,No,Yes,No,4,Yes,No,Low,Major,No
CHN202300592,12.936044,80.236748,Thoraipakkam,OMR,Highway,6,15.4,60,Sunny,37.3,45.8,3897,12.6,Dry,Dawn,High,23.1,24.3,54.0,No,No,Yes,Yes,No,2025,12,Thursday,No,No,Early Morning,4,No,Yes,No,6,No,No,Low,Major,No
CHN202500593,13.035092,80.151331,Porur,Mount Poonamallee Road,Arterial,2,16.0,40,Sunny,34.4,53.8,3860,10.0,Dry,Daylight,Severe,5.9,9.3,88.0,No,No,No,No,No,2023,10,Sunday,Yes,Yes,Morning,9,No,No,Yes,4,Yes,No,Medium,Minor,No
CHN202200594,12.91709,80.24988,Injambakkam,ECR,Highway,6,14.7,100,Cloudy,31.9,57.6,1723,12.2,Dry,NightWithLights,Low,42.8,11.1,12.0,No,No,No,No,No,2024,4,Tuesday,No,No,Night,21,No,Yes,Yes,3,No,No,Low,Major,No
CHN202500595,12.972839,80.223669,Velachery,Velachery Main Road,Residential,2,7.3,20,Sunny,38.9,63.5,2415,7.7,Dry,Dawn,Medium,36.0,7.3,41.0,Yes,No,No,Yes,No,2022,11,Tuesday,No,No,Early Morning,4,Yes,No,Yes,1,Yes,No,Low,Minor,No
CHN202200596,13.038422,80.15605,Porur,Mount Poonamallee Road,Junction,4,17.4,30,Cloudy,32.9,72.6,3276,13.5,Dry,NightWithLights,High,28.8,7.6,54.0,Yes,No,No,No,No,2024,5,Thursday,No,No,Late Night,23,No,No,No,5,No,No,Low,Minor,No
CHN202200597,13.042636,80.231602,T Nagar,Anna Salai,Arterial,4,11.1,50,Cloudy,29.3,59.2,3712,9.7,Dry,NightWithoutLights,High,22.4,5.8,73.0,Yes,No,Yes,Yes,No,2025,9,Friday,No,Yes,Early Morning,5,Yes,No,No,4,No,No,Medium,Minor,No
CHN202300598,13.120244,80.101838,Avadi,Chennai Bypass Road,Highway,6,16.0,80,Sunny,33.0,57.5,3969,5.4,Dry,Daylight,High,24.6,23.9,74.0,No,No,Yes,No,No,2025,10,Tuesday,No,No,Morning,7,No,No,No,9,No,Yes,Medium,Major,Yes
CHN202400599,13.04866,80.100776,Poonamallee,Poonamallee High Road,Arterial,2,11.3,50,Rainy,30.0,79.0,619,25.4,Wet,Daylight,Severe,9.7,7.0,76.0,No,No,No,Yes,No,2025,8,Monday,No,Yes,Afternoon,14,No,No,No,9,No,Yes,High,Minor,Yes
CHN202500600,13.036771,80.161566,Porur,Mount Poonamallee Road,Arterial,4,17.8,50,Rainy,28.2,78.2,530,14.2,Potholes,Dusk,Severe,13.8,11.3,73.0,No,No,No,No,No,2022,10,Wednesday,No,No,Evening,17,No,Yes,No,7,No,No,High,Minor,Yes
CHN202300601,13.05225,80.277564,Marina,Marina Beach Road,Service Road,1,4.7,40,Sunny,33.9,55.7,4880,8.9,Dry,Daylight,Low,44.3,,12.0,No,No,No,No,No,2025,5,Tuesday,No,No,Morning,9,No,No,Yes,3,Yes,No,Low,Minor,No
CHN202200602,12.902642,80.232036,Sholinganallur,OMR,Highway,8,18.6,80,Foggy,23.3,81.1,143,8.4,Dry,Daylight,Medium,30.4,10.5,41.0,No,No,Yes,Yes,No,2023,10,Friday,No,Yes,Morning,9,Yes,Yes,Yes,3,No,No,High,Fatal,No
CHN202300603,13.146623,80.240726,Madhavaram,Madhavaram High Road,Arterial,2,16.5,40,Cloudy,27.0,62.0,3127,14.6,Dry,Daylight,High,24.9,5.3,72.0,No,No,Yes,No,No,2024,4,Tuesday,No,Yes,Afternoon,11,Yes,Yes,No,7,Yes,No,Medium,Minor,No
CHN202400604,12.970875,80.243791,Perungudi,OMR,Highway,6,16.4,60,Cloudy,30.2,63.4,3460,15.2,Dry,Daylight,Severe,13.5,17.0,74.0,No,Yes,Yes,Yes,Yes,2025,4,Thursday,No,No,Afternoon,15,No,Yes,Yes,8,No,Yes,Medium,Major,Yes
CHN202300605,12.917776,80.251694,Injambakkam,ECR,Arterial,2,13.4,60,Rainy,28.9,87.4,1491,17.2,Wet,NightWithLights,High,26.8,9.1,75.0,Yes,No,Yes,No,No,2022,8,Saturday,Yes,No,Late Night,0,No,No,No,2,No,No,High,Major,No
CHN202400606,12.935287,80.260069,Neelankarai,ECR,Highway,8,23.9,100,Rainy,26.2,79.5,1491,15.5,Wet,NightWithLights,Medium,23.4,16.6,32.0,No,No,No,No,No,2025,2,Friday,No,No,Late Night,0,No,No,Yes,6,No,No,High,Fatal,No
CHN202500607,12.939865,80.257722,Neelankarai,ECR,Highway,4,15.2,80,Drizzle,26.7,75.6,1499,16.0,Damaged,Daylight,High,26.5,16.9,48.0,No,No,No,No,No,2023,9,Tuesday,No,No,Morning,10,No,No,No,3,No,No,Medium,Major,No
CHN202400608,12.974991,80.220056,Velachery,Velachery Main Road,Arterial,4,11.8,50,Rainy,28.2,88.1,1295,21.1,Potholes,Daylight,Medium,31.0,7.4,85.0,Yes,Yes,Yes,Yes,No,2024,5,Friday,No,No,Afternoon,11,No,No,No,6,No,No,Medium,Major,No
CHN202500609,13.109372,80.106831,Avadi,Chennai Bypass Road,Highway,4,20.0,80,Sunny,34.1,52.1,4263,11.5,Dry,Dusk,Medium,37.3,18.7,54.0,Yes,No,Yes,No,Yes,2022,1,Saturday,Yes,No,Evening,17,No,Yes,No,3,No,Yes,Medium,Fatal,Yes
CHN202300610,13.047143,80.233446,T Nagar,Anna Salai,Arterial,4,16.0,50,Sunny,29.1,59.7,3798,10.5,Dry,NightWithLights,Medium,32.8,7.9,36.0,No,No,Yes,Yes,No,2023,8,Friday,No,No,Night,22,No,Yes,Yes,9,No,Yes,Medium,Minor,Yes
CHN202400611,12.933544,80.262992,Neelankarai,ECR,Highway,6,14.5,80,Sunny,37.2,47.3,2231,15.2,Dry,NightWithLights,Low,48.4,23.6,32.0,No,No,Yes,Yes,No,2024,3,Saturday,Yes,No,Night,22,No,Yes,No,2,Yes,No,Low,Fatal,No
CHN202500612,13.091953,80.21275,Anna Nagar,Anna Nagar 2nd Avenue,Residential,1,7.8,30,Cloudy,28.7,68.3,2355,8.7,UnderConstruction,Daylight,Medium,22.6,9.8,40.0,No,No,Yes,Yes,No,2024,4,Thursday,No,No,Morning,10,No,No,Yes,2,Yes,No,Low,Minor,No
CHN202200613,13.067636,80.196357,Koyambedu,Poonamallee High Road,Highway,6,23.8,80,Sunny,37.7,46.3,2307,17.3,Wet,NightWithLights,Severe,11.7,22.7,97.0,No,Yes,Yes,No,No,2023,10,Monday,No,Yes,Late Night,3,Yes,No,Yes,7,No,No,High,Fatal,Yes
CHN202200614,13.05286,80.210434,Vadapalani,Arcot Road,Junction,6,16.7,40,Sunny,33.2,46.7,4121,5.3,Dry,Daylight,Severe,14.0,4.5,91.0,No,Yes,Yes,Yes,No,2024,5,Wednesday,No,No,Evening,17,No,No,No,10,No,Yes,Medium,Minor,No
CHN202300615,13.111442,80.14681,Ambattur,Ambattur Industrial Estate Road,Residential,1,8.0,40,Cloudy,30.3,74.5,2426,12.9,Dry,Dusk,Low,45.4,9.1,17.0,No,No,No,Yes,No,2023,10,Sunday,Yes,Yes,Evening,17,No,Yes,Yes,0,No,No,Low,Minor,No
CHN202200616,13.035128,80.165336,Porur,Mount Poonamallee Road,Arterial,4,14.4,50,Rainy,25.1,89.9,1100,11.6,Wet,Dusk,Severe,5.9,9.4,79.0,No,No,No,No,No,2023,4,Wednesday,No,No,Evening,16,Yes,No,Yes,9,No,No,High,Major,No
CHN202200617,12.954478,80.14814,Chrompet,GST Road,Flyover,4,13.5,60,Drizzle,28.9,72.8,1532,16.7,Potholes,Daylight,High,22.4,11.7,48.0,Yes,No,No,No,No,2025,5,Saturday,Yes,No,Afternoon,11,No,No,No,2,Yes,No,Medium,Major,No
CHN202500618,13.039944,80.234077,T Nagar,Anna Salai,Highway,4,15.3,80,Sunny,33.1,55.3,2240,12.2,Dry,Daylight,Low,49.4,10.7,45.0,Yes,Yes,No,No,No,2023,3,Thursday,No,No,Morning,9,Yes,No,No,0,No,No,Low,Major,No
CHN202300619,12.932463,80.261121,Neelankarai,ECR,Highway,8,20.4,80,Rainy,27.8,90.8,913,29.2,Wet,NightWithoutLights,Severe,9.0,8.7,73.0,No,No,No,No,No,2025,11,Friday,No,Yes,Early Morning,5,Yes,Yes,No,4,No,No,High,Major,No
CHN202500620,13.006835,80.196787,Kathipara,GST Road Flyover,Residential,2,8.7,40,Sunny,30.7,59.5,4536,15.7,Dry,Daylight,Low,37.2,7.4,26.0,Yes,No,No,No,No,2022,8,Tuesday,No,No,Evening,18,No,No,No,2,No,No,Low,Major,No
CHN202200621,13.003493,80.254705,Adyar,LB Road,Arterial,4,14.5,60,Sunny,35.1,46.9,3376,10.0,Wet,Daylight,High,24.4,7.2,61.0,No,No,Yes,No,No,2024,1,Tuesday,No,Yes,Morning,6,No,Yes,No,11,No,No,Medium,Major,No
CHN202200622,13.070004,80.198656,Koyambedu,Poonamallee High Road,Junction,4,19.3,40,Sunny,34.0,54.3,2931,14.6,Dry,Dawn,Low,46.7,9.7,8.0,No,Yes,Yes,No,No,2024,6,Thursday,No,No,Early Morning,4,No,Yes,Yes,6,No,No,Low,Minor,No
CHN202400623,13.069578,80.195172,Koyambedu,Poonamallee High Road,Flyover,2,9.4,60,Sunny,32.1,51.0,4379,13.4,Dry,Daylight,Low,44.5,5.2,13.0,No,Yes,No,No,No,2023,7,Wednesday,No,No,Evening,18,No,No,No,1,No,No,Low,Minor,No
CHN202500624,12.789359,80.220285,Kelambakkam,OMR Service Road,Service Road,1,4.6,20,Rainy,24.4,80.7,1477,19.5,Damaged,Dawn,Medium,20.3,17.2,42.0,Yes,Yes,No,No,No,2024,8,Wednesday,No,No,Early Morning,5,No,No,No,1,No,No,Medium,Minor,No
CHN202300625,12.95323,80.145083,Chrompet,GST Road,Arterial,4,12.6,60,Sunny,36.2,56.0,4936,17.9,Damaged,Daylight,Severe,13.9,5.1,78.0,Yes,No,No,No,Yes,2023,6,Thursday,No,No,Afternoon,11,Yes,Yes,Yes,7,No,No,Medium,Minor,No
CHN202500626,12.933075,80.261636,Neelankarai,ECR,Junction,4,15.4,40,Sunny,37.8,59.3,4239,8.1,Dry,Daylight,Severe,11.0,9.3,87.0,No,No,Yes,No,No,2023,8,Sunday,Yes,No,Afternoon,11,No,No,No,9,Yes,Yes,Medium,Minor,Yes
CHN202200627,12.977974,80.216121,Velachery,Velachery Main Road,Residential,1,6.0,30,Sunny,31.4,48.8,4582,12.7,Dry,Daylight,Medium,25.0,2.1,30.0,No,No,No,Yes,No,2023,10,Sunday,Yes,No,Afternoon,15,Yes,No,Yes,1,No,No,Low,Minor,No
CHN202200628,13.053153,80.092351,Poonamallee,Poonamallee High Road,Flyover,2,9.8,70,Sunny,38.5,45.5,4547,9.7,Dry,NightWithoutLights,Low,42.3,2.5,30.0,No,Yes,Yes,No,No,2022,7,Thursday,No,No,Early Morning,4,No,Yes,Yes,3,No,No,Low,Major,No
CHN202200629,13.009778,80.25134,Adyar,LB Road,Flyover,4,11.8,60,Cloudy,28.4,56.7,2253,12.4,Damaged,NightWithLights,Medium,26.2,11.1,44.0,Yes,No,Yes,No,No,2024,12,Monday,No,No,Night,20,No,Yes,Yes,3,No,No,Medium,Fatal,Yes
CHN202400630,12.898783,80.224196,Sholinganallur,OMR,Highway,4,22.1,60,Sunny,35.7,45.1,4497,12.3,Dry,Daylight,High,20.3,14.3,37.0,No,Yes,No,Yes,No,2023,9,Tuesday,No,No,Morning,10,Yes,Yes,No,5,No,No,Low,Major,No
CHN202300631,13.15487,80.231918,Madhavaram,Madhavaram High Road,Arterial,2,11.8,50,Rainy,26.7,94.8,1369,11.7,Wet,Daylight,High,15.8,10.8,88.0,Yes,No,No,Yes,Yes,2023,3,Friday,No,No,Morning,10,No,No,No,5,No,No,High,Major,No
CHN202300632,13.011206,80.219314,Guindy,GST Road,Highway,4,14.5,80,Sunny,33.4,57.0,2940,12.3,Wet,Dawn,Low,41.0,22.4,5.0,No,Yes,No,Yes,No,2022,1,Monday,No,Yes,Early Morning,5,No,Yes,No,6,No,No,Low,Major,No
CHN202500633,12.89699,80.231205,Sholinganallur,OMR,Flyover,2,13.0,70,Rainy,27.3,87.1,493,17.0,Damaged,Dawn,Medium,36.6,9.3,18.0,Yes,No,No,No,No,2022,7,Wednesday,No,No,Early Morning,5,No,No,Yes,3,No,No,Medium,Major,No
CHN202500634,13.114352,80.103621,Avadi,Chennai Bypass Road,Highway,6,21.9,60,Sunny,38.7,59.6,3179,5.2,Dry,NightWithLights,Severe,7.0,15.9,100.0,No,Yes,No,No,No,2022,7,Sunday,Yes,No,Night,19,Yes,No,Yes,9,Yes,Yes,High,Fatal,Yes
CHN202200635,13.034722,80.271023,Mylapore,Luz Church Road,Residential,2,6.9,20,Rainy,26.9,92.2,550,10.0,Wet,Daylight,Low,50.9,3.1,14.0,No,No,No,Yes,No,2023,5,Friday,No,No,Morning,9,Yes,Yes,No,1,No,No,Medium,Minor,No
CHN202400636,13.007673,80.228649,Guindy,GST Road,Highway,6,15.9,100,Sunny,31.7,51.5,2415,12.0,Dry,NightWithLights,Medium,31.5,17.0,18.0,No,No,No,Yes,No,2024,2,Wednesday,No,No,Night,21,No,Yes,Yes,5,No,No,Low,Fatal,No
CHN202500637,12.999495,80.222044,Guindy,GST Road,Highway,8,23.9,80,Cloudy,32.4,61.4,2851,16.1,Dry,NightWithLights,Low,47.9,22.7,28.0,No,No,Yes,Yes,No,2025,7,Monday,No,No,Late Night,0,No,Yes,No,7,No,No,Low,Fatal,No
CHN202300638,13.04933,80.096186,Poonamallee,Poonamallee High Road,Arterial,4,12.3,40,Sunny,33.8,50.8,4061,6.8,Dry,Dusk,High,15.4,2.9,56.0,No,No,No,No,No,2022,8,Saturday,Yes,No,Evening,18,Yes,Yes,Yes,3,No,No,Low,Minor,No
CHN202300639,12.937389,80.259069,Neelankarai,ECR,Residential,1,7.6,40,Sunny,30.3,45.4,2517,15.6,Damaged,NightWithLights,Low,47.5,10.5,9.0,No,No,No,Yes,No,2024,9,Saturday,Yes,No,Night,22,No,No,Yes,1,No,No,Low,Minor,No
CHN202200640,13.111055,80.099112,Avadi,Chennai Bypass Road,Highway,6,17.0,60,Foggy,25.9,86.4,294,8.9,Dry,Daylight,Medium,31.3,19.6,60.0,Yes,No,No,No,No,2022,6,Thursday,No,No,Afternoon,15,No,Yes,No,6,No,No,Medium,Major,Yes
CHN202400641,12.97649,80.220666,Velachery,Velachery Main Road,Arterial,2,15.3,60,Sunny,36.8,64.5,4124,14.4,Dry,Dawn,Low,40.8,10.6,22.0,No,No,No,No,No,2025,1,Saturday,Yes,Yes,Early Morning,5,No,Yes,No,2,No,No,Low,Minor,No
CHN202500642,13.048852,80.285103,Marina,Marina Beach Road,Arterial,2,14.0,50,Cloudy,32.0,55.8,1840,17.1,Damaged,Daylight,Medium,30.6,8.3,50.0,No,Yes,Yes,No,Yes,2022,12,Monday,No,No,Evening,18,No,No,Yes,6,No,No,Medium,Minor,Yes
CHN202500643,13.054597,80.28483,Marina,Marina Beach Road,Flyover,2,12.8,60,Sunny,31.1,54.7,2173,7.1,UnderConstruction,NightWithoutLights,Medium,27.8,11.9,42.0,No,No,No,No,No,2024,3,Saturday,Yes,No,Late Night,1,No,Yes,Yes,7,Yes,No,High,Fatal,Yes
CHN202200644,12.935874,80.237026,Thoraipakkam,OMR,Highway,4,23.7,80,Sunny,29.8,58.5,3484,13.1,Potholes,Daylight,High,20.4,14.7,68.0,No,No,Yes,No,No,2024,3,Sunday,Yes,No,Afternoon,11,No,No,Yes,13,No,Yes,High,Fatal,Yes
CHN202500645,13.084645,80.211339,Anna Nagar,Anna Nagar 2nd Avenue,Residential,1,7.6,30,Sunny,32.3,52.3,2702,8.7,Damaged,Daylight,Severe,14.1,7.9,74.0,No,No,No,No,No,2022,2,Monday,No,Yes,Evening,18,No,Yes,Yes,1,No,No,Medium,Minor,No
CHN202300646,13.003519,80.198248,Kathipara,GST Road Flyover,Junction,2,19.3,30,Sunny,38.8,58.4,2635,15.3,Potholes,Dusk,Medium,30.0,3.1,41.0,No,No,Yes,Yes,Yes,2023,4,Tuesday,No,No,Evening,17,Yes,No,Yes,5,No,No,Medium,Minor,No
CHN202500647,12.966111,80.234568,Perungudi,OMR,Junction,4,18.8,40,Sunny,34.5,63.3,4353,10.2,Potholes,Daylight,Severe,15.1,4.6,89.0,Yes,Yes,No,No,No,2025,4,Monday,No,No,Evening,17,Yes,No,No,7,No,No,Medium,Minor,No
CHN202200648,12.939354,80.236481,Thoraipakkam,OMR,Highway,6,22.7,60,Rainy,25.6,78.7,387,23.7,Wet,Daylight,Medium,26.4,12.5,34.0,No,No,No,Yes,Yes,2025,11,Monday,No,Yes,Morning,7,Yes,Yes,Yes,1,No,No,Medium,Major,No
CHN202500649,13.050086,80.280173,Marina,Marina Beach Road,Residential,1,,30,Drizzle,28.4,82.5,1073,14.8,Wet,Daylight,Severe,8.3,10.6,81.0,No,No,No,Yes,No,2024,8,Sunday,Yes,Yes,Afternoon,14,No,No,No,3,No,No,Medium,Minor,No
CHN202400650,13.041267,80.21429,Vadapalani,Arcot Road,Arterial,4,15.2,60,Drizzle,25.7,87.6,1977,11.3,Dry,Daylight,Low,46.1,10.0,36.0,Yes,No,Yes,No,No,2023,3,Wednesday,No,No,Afternoon,14,No,No,No,2,No,No,Low,Minor,No
CHN202200651,12.958044,80.240136,Perungudi,OMR,Highway,6,18.0,80,Rainy,25.8,80.2,1113,25.5,Dry,Daylight,High,16.4,21.9,57.0,No,No,No,No,No,2023,10,Wednesday,No,No,Afternoon,13,Yes,No,Yes,6,No,No,Medium,Major,No
CHN202300652,12.934307,80.260623,Neelankarai,ECR,Residential,2,6.8,30,Sunny,37.7,50.4,2666,17.5,Damaged,Daylight,Low,45.1,4.5,51.0,Yes,No,Yes,Yes,No,2025,8,Saturday,Yes,No,Afternoon,14,No,Yes,Yes,1,No,No,Low,Minor,No
CHN202400653,13.086727,80.213983,Anna Nagar,Anna Nagar 2nd Avenue,Residential,2,5.3,20,Cloudy,32.4,72.0,2455,17.5,Dry,Dusk,High,20.4,3.2,49.0,Yes,Yes,No,Yes,No,2022,1,Sunday,Yes,No,Evening,17,No,Yes,No,3,Yes,No,Low,Minor,No
CHN202500654,13.008637,80.221327,Guindy,GST Road,Highway,4,16.6,80,Sunny,37.3,51.2,4967,8.5,Wet,NightWithLights,Medium,39.1,23.3,55.0,No,Yes,Yes,No,No,2022,1,Wednesday,No,No,Late Night,3,No,Yes,No,5,No,No,High,Major,No
CHN202400655,13.006978,80.219878,Guindy,GST Road,Highway,4,22.5,80,Cloudy,30.8,55.2,1614,15.4,Damaged,NightWithLights,High,16.3,13.3,54.0,No,No,Yes,Yes,Yes,2023,1,Wednesday,No,No,Night,22,No,No,No,6,No,No,High,Fatal,Yes
CHN202200656,13.016968,80.196302,Kathipara,GST Road Flyover,Flyover,2,12.8,80,Drizzle,24.6,75.2,2091,19.3,Wet,Dawn,High,10.5,6.3,48.0,No,No,No,No,No,2025,1,Friday,No,No,Early Morning,4,No,No,Yes,4,No,No,Medium,Fatal,No
CHN202300657,13.113106,80.107644,Avadi,Chennai Bypass Road,Residential,1,6.4,30,Sunny,37.2,63.4,2924,17.0,Damaged,Daylight,Low,47.8,7.5,34.0,Yes,No,No,No,No,2023,12,Monday,No,No,Morning,9,Yes,Yes,No,1,No,No,Low,Minor,Yes
CHN202300658,12.92146,80.130717,Tambaram,GST Road,Highway,6,21.4,100,Sunny,29.4,58.2,2387,6.4,Wet,Dusk,Severe,11.0,19.2,97.0,No,No,No,No,No,2022,1,Thursday,No,Yes,Evening,17,No,Yes,Yes,8,No,Yes,High,Fatal,Yes
CHN202400659,12.925708,80.124799,Tambaram,GST Road,Highway,6,22.7,100,Cloudy,28.8,74.1,2191,11.0,Dry,Daylight,Medium,28.3,23.1,40.0,No,No,No,No,No,2025,2,Wednesday,No,No,Morning,8,No,No,Yes,5,No,No,Low,Major,No
CHN202400660,13.036193,80.148779,Porur,Mount Poonamallee Road,Arterial,4,15.1,40,Drizzle,25.0,79.3,2143,18.7,Wet,Daylight,High,31.1,5.5,70.0,No,Yes,No,Yes,Yes,2025,7,Sunday,Yes,No,Morning,6,Yes,Yes,No,3,No,No,Medium,Major,No
CHN202200661,13.03916,80.237521,T Nagar,Anna Salai,Arterial,4,11.3,40,Rainy,29.6,84.4,948,11.1,Potholes,NightWithLights,Low,44.5,2.3,1.0,No,No,No,No,No,2024,4,Saturday,Yes,No,Late Night,1,No,Yes,Yes,6,No,No,Medium,Minor,No
CHN202300662,13.120942,80.095573,Avadi,Chennai Bypass Road,Highway,4,,80,Sunny,38.3,50.9,2387,7.6,Dry,Daylight,Severe,13.2,20.5,83.0,No,No,Yes,No,Yes,2024,6,Monday,No,No,Morning,8,No,Yes,Yes,9,No,Yes,Medium,Fatal,Yes
CHN202300663,13.092837,80.21071,Anna Nagar,Anna Nagar 2nd Avenue,Residential,2,6.6,40,Sunny,34.3,51.2,2038,10.7,Dry,Daylight,High,25.2,7.5,70.0,No,Yes,Yes,Yes,No,2024,10,Friday,No,Yes,Afternoon,15,No,Yes,Yes,2,No,No,Low,Minor,No
CHN202400664,13.007126,80.259459,Adyar,LB Road,Arterial,2,13.1,50,Sunny,37.9,58.6,4796,17.2,Dry,Daylight,Severe,8.9,9.1,83.0,Yes,No,Yes,No,No,2025,8,Wednesday,No,No,Evening,16,Yes,No,Yes,8,No,No,Low,Minor,Yes
CHN202400665,13.007405,80.196139,Kathipara,GST Road Flyover,Flyover,4,8.7,80,Sunny,33.3,58.1,3434,15.1,Wet,Daylight,Medium,37.5,11.3,36.0,No,No,Yes,No,No,2025,10,Saturday,Yes,No,Morning,6,No,Yes,No,1,No,No,Low,Major,No
CHN202300666,12.922295,80.125382,Tambaram,GST Road,Highway,6,17.2,80,Cloudy,33.5,68.4,3206,13.8,Dry,NightWithLights,Medium,31.7,9.6,31.0,No,No,Yes,No,Yes,2023,12,Tuesday,No,No,Late Night,2,No,Yes,No,6,No,No,Low,Major,No
CHN202300667,13.028031,80.266467,Mylapore,Luz Church Road,Residential,1,8.0,20,Foggy,20.2,94.7,296,2.7,Dry,NightWithLights,High,20.3,10.6,48.0,No,No,Yes,Yes,Yes,2022,11,Friday,No,Yes,Late Night,1,Yes,Yes,No,5,No,No,Medium,Minor,No
CHN202200668,12.959515,80.149892,Chrompet,GST Road,Arterial,2,11.5,60,Sunny,33.3,46.5,4367,10.8,Dry,Daylight,Severe,16.5,7.1,89.0,No,,Yes,No,No,2023,6,Friday,No,No,Afternoon,15,No,No,No,6,No,No,Low,Major,Yes
CHN202400669,12.783659,80.212025,Kelambakkam,OMR Service Road,Highway,6,22.2,80,Cloudy,29.3,63.5,2951,12.2,Dry,Daylight,Medium,32.2,19.1,36.0,No,No,Yes,No,No,2023,6,Monday,No,No,Morning,6,No,Yes,Yes,14,No,No,Low,Major,Yes
CHN202400670,13.111887,80.104385,Avadi,Chennai Bypass Road,Service Road,1,6.7,30,Sunny,31.9,62.7,4811,10.2,Potholes,Daylight,Low,59.3,23.8,21.0,No,No,No,No,No,2023,3,Tuesday,No,No,Afternoon,15,No,No,No,3,No,Yes,Low,Minor,Yes
CHN202400671,13.011917,80.219453,Guindy,GST Road,Service Road,1,5.0,40,Rainy,26.9,92.2,945,28.2,Wet,Dawn,Medium,30.8,15.5,46.0,No,Yes,No,No,No,2022,1,Tuesday,No,No,Early Morning,4,No,Yes,No,3,Yes,No,Medium,Major,No
CHN202300672,13.085915,80.205987,Anna Nagar,Anna Nagar 2nd Avenue,Residential,2,6.1,20,Sunny,36.4,58.8,2830,6.7,Dry,Daylight,High,27.8,11.9,56.0,No,No,No,No,No,2024,3,Thursday,No,No,Afternoon,13,No,No,No,5,No,No,Low,Minor,No
CHN202500673,13.044255,80.096727,Poonamallee,Poonamallee High Road,Arterial,4,16.2,60,Sunny,31.7,49.6,4095,13.9,Dry,NightWithLights,Low,43.7,8.9,18.0,No,No,No,No,No,2024,5,Friday,No,No,Late Night,2,No,Yes,Yes,6,No,No,Low,Major,No
CHN202300674,13.025785,80.272845,Mylapore,Luz Church Road,Residential,1,6.2,30,Sunny,29.9,64.6,2943,7.9,Dry,NightWithLights,High,,9.4,51.0,No,No,No,No,No,2022,6,Wednesday,No,No,Late Night,0,Yes,No,No,3,No,No,Low,Minor,No
CHN202200675,12.981165,80.225806,Velachery,Velachery Main Road,Residential,2,7.7,40,Sunny,29.2,60.7,2628,13.9,Dry,NightWithLights,Low,41.3,8.4,16.0,No,No,No,Yes,No,2023,11,Saturday,Yes,Yes,Night,21,No,No,Yes,0,No,No,Low,Major,No
CHN202300676,12.93553,80.252151,Neelankarai,ECR,Highway,4,22.0,100,Cloudy,30.1,68.5,3450,9.4,Dry,NightWithoutLights,Medium,28.4,11.3,60.0,No,,No,No,No,2022,2,Tuesday,No,No,Night,22,No,No,Yes,4,No,No,High,Fatal,No
CHN202500677,12.962407,80.243134,Perungudi,OMR,Junction,4,13.0,30,Rainy,24.9,91.7,1431,15.7,Potholes,Daylight,Severe,15.5,9.1,69.0,No,No,No,No,No,2024,4,Saturday,Yes,No,Afternoon,13,Yes,No,Yes,4,No,No,High,Major,No
CHN202300678,13.116083,80.096186,Avadi,Chennai Bypass Road,Service Road,2,4.8,40,Cloudy,32.5,67.0,2068,17.8,Dry,Daylight,High,12.7,12.2,64.0,No,No,No,Yes,No,2024,10,Tuesday,No,Yes,Morning,10,No,No,No,4,No,No,Low,Minor,No
CHN202500679,13.046286,80.214269,Vadapalani,Arcot Road,Junction,2,11.3,50,Rainy,27.5,83.3,426,26.2,Wet,Daylight,Severe,4.0,3.7,75.0,No,No,No,Yes,No,2023,10,Friday,No,No,Morning,10,No,No,Yes,7,No,No,High,Major,No
CHN202200680,13.011333,80.201022,Kathipara,GST Road Flyover,Residential,1,7.8,20,Sunny,29.9,54.2,3845,15.4,Dry,NightWithLights,Low,42.5,,16.0,Yes,No,Yes,Yes,No,2024,12,Thursday,No,Yes,Late Night,0,No,No,No,0,No,Yes,Low,Minor,No
CHN202200681,12.989529,80.214617,Velachery,Velachery Main Road,Arterial,2,15.3,50,Rainy,27.6,80.1,1270,28.6,Wet,Daylight,Low,47.0,4.9,,Yes,No,No,Yes,No,2024,8,Friday,No,No,Afternoon,14,No,No,No,4,No,No,Low,Major,No
CHN202300682,13.106728,80.23484,Perambur,Paper Mills Road,Arterial,2,17.6,60,Drizzle,28.3,81.2,1751,15.1,Damaged,NightWithLights,High,18.7,7.3,53.0,No,No,No,Yes,No,2024,6,Tuesday,No,No,Late Night,2,Yes,Yes,No,7,No,No,Medium,Major,No
CHN202400683,12.941024,80.235471,Thoraipakkam,OMR,Junction,6,14.1,40,Sunny,30.7,46.1,4194,15.4,Dry,NightWithoutLights,Medium,36.6,6.4,44.0,Yes,No,No,No,No,2025,7,Thursday,No,No,Late Night,3,No,No,Yes,1,No,No,Low,Minor,No
CHN202500684,13.012124,80.216853,Guindy,GST Road,Highway,6,19.6,80,Cloudy,32.1,58.1,2039,10.8,Dry,NightWithoutLights,Medium,27.6,10.4,71.0,No,Yes,Yes,No,No,2025,10,Wednesday,No,No,Night,21,No,No,No,5,No,Yes,Medium,Major,Yes
CHN202400685,13.044079,80.280514,Marina,Marina Beach Road,Arterial,4,16.6,50,Cloudy,31.3,55.5,2162,9.9,Dry,Daylight,Severe,8.9,5.8,70.0,No,No,No,Yes,No,2022,3,Wednesday,No,No,Morning,10,No,Yes,No,4,No,No,Low,Minor,No
CHN202200686,13.044024,80.165083,Porur,Mount Poonamallee Road,Arterial,4,15.9,50,Drizzle,28.0,85.3,1933,13.8,Potholes,NightWithoutLights,High,25.7,7.4,46.0,No,No,No,No,No,2025,2,Sunday,Yes,No,Night,19,Yes,No,Yes,10,No,Yes,High,Major,Yes
CHN202300687,13.017709,80.193178,Kathipara,GST Road Flyover,Flyover,2,12.8,70,Rainy,28.5,82.6,1419,27.6,Wet,NightWithoutLights,Severe,17.3,9.7,100.0,No,No,No,No,No,2023,6,Thursday,No,No,Early Morning,5,No,Yes,Yes,4,No,Yes,High,Fatal,Yes
CHN202200688,13.047089,80.277138,Marina,Marina Beach Road,Arterial,4,14.9,50,Drizzle,25.7,72.8,1019,19.5,Potholes,Dusk,High,19.5,10.6,54.0,No,No,No,No,No,2022,2,Friday,No,No,Evening,17,No,No,No,8,No,No,Low,Major,No
CHN202400689,13.154339,80.231157,Madhavaram,Madhavaram High Road,Arterial,2,14.2,60,Sunny,36.8,53.7,4824,10.0,UnderConstruction,Daylight,High,17.0,5.1,47.0,No,No,No,Yes,No,2024,12,Sunday,Yes,No,Afternoon,13,Yes,Yes,Yes,6,Yes,No,Low,Minor,No
CHN202400690,13.042279,80.24425,T Nagar,Anna Salai,Arterial,2,15.9,50,Sunny,35.4,59.1,4705,7.0,Potholes,Daylight,Medium,28.3,9.2,62.0,No,Yes,Yes,No,No,2024,12,Thursday,No,No,Morning,6,No,Yes,No,4,No,No,Low,Minor,No
CHN202200691,12.917553,80.250495,Injambakkam,ECR,Junction,4,17.1,40,Rainy,27.5,75.3,1087,22.2,Damaged,NightWithLights,Low,43.0,4.7,22.0,No,No,Yes,No,No,2023,2,Tuesday,No,No,Late Night,0,No,No,No,5,No,No,Medium,Minor,Yes
CHN202400692,13.011991,80.204909,Kathipara,GST Road Flyover,Flyover,4,10.6,60,Rainy,29.7,90.1,696,20.2,Wet,Daylight,Severe,14.6,3.9,77.0,No,Yes,No,No,No,2024,5,Tuesday,No,Yes,Morning,9,Yes,Yes,No,6,No,No,High,Major,Yes
CHN202200693,13.112935,80.241346,Perambur,Paper Mills Road,Arterial,4,15.4,40,Cloudy,32.3,64.1,3141,15.1,Dry,Daylight,Low,49.3,2.6,36.0,No,Yes,No,No,No,2022,12,Friday,No,No,Afternoon,13,No,No,No,7,No,No,Low,Minor,No
CHN202400694,13.112981,80.152581,Ambattur,Ambattur Industrial Estate Road,Residential,2,7.3,30,Sunny,36.1,59.6,3452,16.7,UnderConstruction,Daylight,Severe,19.4,3.5,92.0,Yes,No,No,No,No,2025,11,Sunday,Yes,Yes,Afternoon,11,Yes,Yes,No,10,Yes,Yes,Medium,Minor,Yes
CHN202300695,12.904065,80.236296,Sholinganallur,OMR,Highway,4,22.6,80,Foggy,25.0,82.3,386,5.6,UnderConstruction,NightWithoutLights,Severe,8.4,22.2,85.0,No,No,No,No,Yes,2022,1,Wednesday,No,Yes,Night,20,No,Yes,No,5,Yes,No,High,Fatal,Yes
CHN202500696,13.029436,80.267653,Mylapore,Luz Church Road,Residential,1,5.9,30,Sunny,37.0,50.9,3273,6.6,Dry,NightWithoutLights,Severe,11.7,9.2,58.0,Yes,No,No,Yes,No,2022,5,Thursday,No,No,Early Morning,5,Yes,No,Yes,4,No,No,Medium,Minor,No
CHN202400697,13.04773,80.232576,T Nagar,Anna Salai,Flyover,4,11.2,70,Sunny,30.3,59.5,4909,11.6,Dry,Dusk,Severe,12.3,9.3,77.0,Yes,No,Yes,No,No,2025,8,Wednesday,No,Yes,Evening,16,No,Yes,Yes,8,No,Yes,High,Fatal,Yes
CHN202200698,13.014138,80.224213,Guindy,GST Road,Highway,6,22.0,80,Drizzle,27.6,84.0,1579,10.4,Potholes,NightWithoutLights,Medium,29.2,23.6,24.0,No,No,Yes,Yes,No,2024,1,Friday,No,Yes,Night,21,No,Yes,No,2,Yes,No,High,Fatal,No
CHN202200699,12.924702,80.127398,Tambaram,GST Road,Highway,4,22.2,60,Cloudy,31.3,56.1,3993,13.4,Dry,Daylight,Medium,28.3,11.3,47.0,No,No,Yes,No,No,2022,8,Tuesday,No,No,Afternoon,13,No,No,No,2,No,No,Low,Minor,No
CHN202200700,12.944342,80.238184,Thoraipakkam,OMR,Highway,8,17.9,60,Cloudy,32.1,74.9,3045,13.9,Dry,Daylight,Medium,35.4,9.3,47.0,No,No,Yes,No,No,2025,2,Friday,No,No,Morning,10,No,No,Yes,5,No,No,Low,Minor,No
CHN202500701,13.044414,80.238402,T Nagar,Anna Salai,Arterial,2,16.6,40,Rainy,24.3,75.8,830,17.6,Wet,NightWithLights,High,30.7,4.9,50.0,No,No,No,No,No,2023,3,Wednesday,No,No,Late Night,2,Yes,Yes,No,13,No,Yes,High,Minor,Yes
CHN202500702,12.925988,80.129171,Tambaram,GST Road,Arterial,2,18.0,50,Sunny,38.6,58.1,4800,13.1,Dry,Daylight,Medium,28.0,11.4,71.0,No,Yes,Yes,Yes,No,2024,6,Monday,No,No,Evening,17,No,No,No,8,No,Yes,Low,Major,Yes
CHN202400703,13.039802,80.150364,Porur,Mount Poonamallee Road,Arterial,2,14.2,60,Cloudy,28.6,71.1,3944,12.4,Potholes,NightWithLights,High,20.9,8.0,55.0,No,No,Yes,Yes,No,2025,6,Friday,No,No,Late Night,23,No,Yes,No,11,Yes,Yes,High,Minor,Yes
CHN202500704,12.955577,80.146073,Chrompet,GST Road,Arterial,4,16.1,50,Sunny,30.4,59.2,2609,9.5,UnderConstruction,NightWithoutLights,High,27.3,7.9,65.0,No,No,Yes,Yes,No,2025,2,Monday,No,No,Late Night,1,Yes,Yes,Yes,7,Yes,No,High,Minor,Yes
CHN202300705,13.074809,80.260278,Egmore,Mount Road,Arterial,4,11.2,50,Sunny,37.8,61.7,2385,12.6,Wet,Dawn,High,25.7,6.5,33.0,No,No,No,Yes,No,2023,6,Friday,No,No,Early Morning,4,No,Yes,No,8,Yes,Yes,High,Minor,Yes
CHN202300706,13.036574,80.233452,T Nagar,Anna Salai,Service Road,1,4.6,40,Rainy,26.1,77.6,1258,26.0,Wet,Daylight,High,17.8,21.6,52.0,No,No,No,Yes,No,2025,5,Thursday,No,No,Afternoon,15,Yes,Yes,No,4,No,No,Medium,Minor,No
CHN202500707,12.94591,80.233036,Thoraipakkam,OMR,Highway,6,20.5,80,Foggy,22.5,86.1,373,4.9,Dry,NightWithoutLights,Low,43.8,12.9,35.0,No,No,No,No,No,2022,8,Thursday,No,No,Early Morning,5,No,Yes,No,5,No,No,Medium,Major,No
CHN202400708,12.920209,80.128707,Tambaram,GST Road,Junction,4,17.6,50,Sunny,34.9,45.9,2924,14.9,Damaged,NightWithLights,Medium,45.5,7.3,58.0,No,Yes,Yes,Yes,No,2025,3,Monday,No,No,Night,22,Yes,No,Yes,4,No,No,Medium,Minor,No
CHN202400709,13.114497,80.154998,Ambattur,Ambattur Industrial Estate Road,Residential,1,8.0,20,Sunny,30.1,49.8,2678,16.7,Dry,NightWithLights,Medium,27.5,3.8,34.0,No,No,Yes,No,No,2023,11,Monday,No,Yes,Night,21,No,No,No,4,No,No,Low,Minor,No
CHN202500710,13.08418,80.209296,Anna Nagar,Anna Nagar 2nd Avenue,Residential,2,8.3,30,Sunny,31.9,50.1,2771,13.7,Potholes,Dusk,Medium,35.7,6.1,48.0,Yes,No,No,Yes,No,2023,12,Thursday,No,No,Evening,18,No,Yes,Yes,2,No,No,Low,Minor,No
CHN202500711,13.053776,80.282492,Marina,Marina Beach Road,Residential,1,5.6,30,Drizzle,24.6,72.8,1763,12.8,Potholes,NightWithLights,Medium,29.3,2.4,53.0,No,No,Yes,Yes,No,2025,11,Sunday,Yes,Yes,Late Night,2,No,Yes,Yes,1,No,No,Medium,Minor,No
CHN202400712,12.902315,80.227769,Sholinganallur,OMR,Highway,8,20.3,100,Drizzle,27.1,78.4,1041,15.4,Wet,Daylight,Severe,5.8,17.7,91.0,No,No,No,No,No,2024,4,Monday,No,No,Morning,6,No,Yes,No,11,No,Yes,High,Fatal,Yes
CHN202300713,12.955735,80.149921,Chrompet,GST Road,Arterial,2,10.2,50,Sunny,30.1,46.3,4143,8.2,Wet,Dawn,High,18.4,4.7,63.0,No,No,Yes,No,No,2025,2,Sunday,Yes,Yes,Early Morning,5,No,Yes,Yes,4,No,No,Low,Minor,No
CHN202400714,12.911437,80.228895,Sholinganallur,OMR,Highway,6,23.6,60,Sunny,37.6,49.1,4804,10.5,Dry,Dusk,High,30.3,14.1,89.0,No,No,Yes,Yes,No,2022,12,Sunday,Yes,No,Evening,16,No,Yes,Yes,5,No,No,Low,Major,No
CHN202400715,13.041222,80.153071,Porur,Mount Poonamallee Road,Flyover,4,12.2,60,Foggy,20.9,84.6,397,9.7,Dry,NightWithLights,Medium,33.4,11.7,41.0,No,No,Yes,No,Yes,2023,7,Friday,No,Yes,Night,21,No,No,Yes,4,No,No,Medium,Minor,No
CHN202200716,12.977094,80.215297,Velachery,Velachery Main Road,Arterial,2,14.3,60,Sunny,37.3,61.8,2778,15.0,UnderConstruction,NightWithoutLights,High,19.7,9.0,80.0,No,Yes,No,Yes,No,2024,2,Sunday,Yes,No,Night,22,Yes,Yes,No,5,Yes,No,High,Fatal,No
CHN202200717,13.116786,80.101132,Avadi,Chennai Bypass Road,Highway,4,23.3,80,Rainy,25.8,89.5,1117,19.2,Damaged,NightWithoutLights,Low,29.8,8.9,3.0,No,No,No,No,No,2025,2,Sunday,Yes,No,Early Morning,5,Yes,Yes,No,3,No,No,Medium,Fatal,No
CHN202200718,13.013071,80.222697,Guindy,GST Road,Highway,6,23.5,80,Sunny,37.3,51.6,4142,8.4,Damaged,NightWithLights,Medium,35.0,10.9,37.0,Yes,No,No,Yes,No,2024,7,Thursday,No,No,Late Night,3,No,Yes,Yes,6,No,No,Medium,Major,No
CHN202400719,12.920284,80.247139,Injambakkam,ECR,Highway,4,17.4,80,Sunny,33.7,53.7,3471,14.8,Dry,Daylight,High,16.5,13.0,83.0,Yes,Yes,No,No,No,2023,3,Monday,No,Yes,Afternoon,15,No,Yes,No,6,No,No,Low,Fatal,No
CHN202200720,13.113614,80.095687,Avadi,Chennai Bypass Road,Highway,4,18.6,80,Sunny,38.0,53.3,4013,11.1,Damaged,NightWithLights,High,20.8,20.4,45.0,No,No,Yes,No,No,2022,12,Tuesday,No,No,Night,21,No,No,No,4,Yes,No,Medium,Fatal,No
CHN202400721,13.003112,80.258082,Adyar,LB Road,Arterial,2,14.9,60,Rainy,25.3,79.8,969,23.6,UnderConstruction,Daylight,Low,37.2,6.6,42.0,No,No,No,No,No,2022,12,Thursday,No,No,Morning,9,Yes,Yes,No,3,Yes,No,Medium,Minor,Yes
CHN202200722,13.008964,80.201169,Kathipara,GST Road Flyover,Flyover,2,9.0,60,Cloudy,29.4,61.9,2519,17.3,Dry,NightWithLights,Medium,22.7,11.4,37.0,Yes,No,No,No,No,2023,7,Thursday,No,No,Night,19,No,Yes,Yes,5,No,No,Low,Minor,No
CHN202500723,12.959663,80.241845,Perungudi,OMR,Highway,6,15.4,80,Rainy,28.5,76.3,971,14.8,Wet,Daylight,Low,45.6,15.4,26.0,No,No,No,No,No,2025,7,Monday,No,No,Morning,8,No,Yes,Yes,2,No,No,Medium,Fatal,No
CHN202500724,12.790544,80.223397,Kelambakkam,OMR Service Road,Junction,4,11.8,50,Sunny,31.1,47.1,2371,17.3,Potholes,NightWithoutLights,High,11.6,3.7,48.0,Yes,No,No,Yes,No,2024,7,Saturday,Yes,No,Late Night,3,No,No,No,8,No,Yes,High,Major,Yes
CHN202500725,13.037773,80.262484,Mylapore,Luz Church Road,Residential,2,6.9,30,Drizzle,26.1,73.4,1513,18.3,Wet,NightWithLights,High,17.1,9.4,66.0,No,No,Yes,Yes,No,2025,7,Sunday,Yes,No,Late Night,2,Yes,No,No,4,No,No,Medium,Major,Yes
CHN202500726,13.00382,80.226077,Guindy,GST Road,Residential,1,5.2,40,Sunny,38.3,50.5,3234,5.6,Dry,NightWithLights,Medium,37.5,4.9,35.0,No,No,No,No,No,2023,12,Saturday,Yes,No,Late Night,23,Yes,No,Yes,2,No,No,Low,Minor,No
CHN202300727,12.978682,80.215269,Velachery,Velachery Main Road,Arterial,2,16.1,40,Foggy,23.2,96.7,320,9.2,Damaged,Daylight,High,13.9,7.6,93.0,Yes,No,Yes,No,No,2024,9,Tuesday,No,No,Morning,8,No,No,No,5,Yes,No,High,Minor,No
CHN202200728,12.791919,80.221207,Kelambakkam,OMR Service Road,Residential,1,5.4,40,Rainy,26.3,91.7,424,12.5,Wet,Daylight,Medium,30.7,10.0,54.0,No,No,No,Yes,No,2025,8,Wednesday,No,No,Morning,6,No,No,Yes,3,No,No,Medium,Major,No
CHN202200729,12.897405,80.228541,Sholinganallur,OMR,Highway,6,19.7,60,Cloudy,27.6,62.5,3422,11.1,Dry,NightWithoutLights,Medium,43.9,5.8,53.0,No,No,No,Yes,No,2022,2,Saturday,Yes,Yes,Night,21,No,Yes,No,4,No,No,Low,Major,No
CHN202400730,13.010611,80.256112,Adyar,LB Road,Arterial,4,13.3,50,Drizzle,28.5,79.7,1579,11.8,Wet,Daylight,Medium,41.3,8.7,45.0,No,No,Yes,Yes,No,2023,2,Monday,No,No,Morning,6,Yes,No,No,5,No,No,Medium,Minor,No
CHN202300731,12.939375,80.234385,Thoraipakkam,OMR,Flyover,4,9.8,60,Sunny,30.3,46.3,2465,12.7,Dry,Dawn,Medium,34.5,11.3,43.0,No,No,No,No,No,2023,9,Saturday,Yes,No,Early Morning,4,No,No,Yes,3,Yes,No,Medium,Major,No
CHN202500732,13.004914,80.249459,Adyar,LB Road,Arterial,4,13.4,60,Foggy,22.7,80.4,390,2.1,Potholes,Daylight,High,14.7,4.6,42.0,No,No,No,No,No,2023,4,Tuesday,No,No,Morning,8,No,Yes,Yes,3,No,No,High,Minor,No
CHN202300733,13.05068,80.205952,Vadapalani,Arcot Road,Service Road,1,7.4,20,Rainy,26.5,77.0,1055,17.7,Damaged,NightWithLights,Medium,32.1,11.1,38.0,No,No,No,No,No,2023,3,Thursday,No,No,Night,21,No,No,No,0,No,No,Medium,Minor,No
CHN202400734,13.081813,80.208125,Anna Nagar,Anna Nagar 2nd Avenue,Residential,1,8.3,30,Sunny,32.7,53.6,2517,9.8,Dry,Dawn,Low,40.4,8.6,32.0,No,No,Yes,No,No,2023,8,Thursday,No,Yes,Early Morning,5,No,Yes,Yes,1,No,No,Low,Minor,No
CHN202200735,13.047954,80.279574,Marina,Marina Beach Road,Arterial,2,11.1,40,Foggy,23.0,80.1,235,4.1,Dry,Daylight,High,20.5,5.1,62.0,No,No,No,Yes,No,2023,10,Tuesday,No,No,Afternoon,14,No,Yes,Yes,7,No,Yes,Medium,Major,No
CHN202400736,13.00894,80.221595,Guindy,GST Road,Highway,6,15.1,100,Cloudy,32.7,69.4,3538,12.1,Dry,Daylight,Severe,8.1,15.2,83.0,No,Yes,No,No,No,2025,2,Sunday,Yes,No,Morning,8,No,No,Yes,9,No,Yes,High,Fatal,Yes
CHN202200737,12.987019,80.214368,Velachery,Velachery Main Road,Flyover,2,10.4,80,Rainy,27.7,82.8,654,29.1,Wet,Daylight,Medium,31.4,2.2,40.0,No,No,Yes,No,No,2024,8,Saturday,Yes,No,Morning,6,Yes,Yes,No,1,No,No,High,Fatal,Yes
CHN202300738,13.007196,80.202092,Kathipara,GST Road Flyover,Flyover,4,8.4,80,Cloudy,27.3,70.1,2104,17.6,Dry,NightWithLights,High,27.8,2.7,59.0,No,No,No,No,No,2023,2,Sunday,Yes,No,Night,22,Yes,No,Yes,4,Yes,No,High,Fatal,No
CHN202500739,13.068332,80.262463,Egmore,Mount Road,Arterial,2,17.8,50,Foggy,20.1,,361,7.2,Dry,Daylight,Medium,31.3,5.4,36.0,No,No,No,Yes,No,2022,3,Sunday,Yes,No,Evening,18,No,No,No,8,No,Yes,High,Major,Yes
CHN202500740,12.951841,80.14099,Chrompet,GST Road,Residential,1,6.2,30,Cloudy,27.0,73.7,3760,19.1,Dry,Daylight,Medium,33.4,8.7,43.0,No,No,Yes,No,No,2025,7,Tuesday,No,No,Evening,18,No,Yes,No,1,No,No,Low,Minor,No
CHN202200741,12.98423,80.215965,Velachery,Velachery Main Road,Arterial,2,15.0,40,Sunny,35.7,59.8,4588,16.4,Dry,Dusk,Severe,7.7,9.9,95.0,Yes,No,Yes,No,No,2023,1,Saturday,Yes,Yes,Evening,18,No,Yes,Yes,7,Yes,No,Low,Minor,No
CHN202400742,12.960208,80.140792,Chrompet,GST Road,Service Road,2,6.7,20,Sunny,30.8,48.5,4528,10.1,Dry,Daylight,High,20.5,20.9,64.0,No,No,Yes,Yes,No,2022,3,Monday,No,No,Evening,18,No,No,No,3,No,No,Low,Minor,No
CHN202500743,12.978121,80.213293,Velachery,Velachery Main Road,Arterial,4,16.8,60,Sunny,38.1,50.0,3077,9.8,Dry,NightWithLights,Medium,28.3,,28.0,No,No,Yes,No,No,2023,10,Tuesday,No,Yes,Late Night,2,No,Yes,No,4,Yes,Yes,Medium,Minor,Yes
CHN202400744,13.038969,80.233538,T Nagar,Anna Salai,Arterial,4,11.3,60,Sunny,32.7,49.8,4942,6.0,Damaged,Daylight,Medium,25.5,11.6,46.0,No,No,No,Yes,No,2024,10,Wednesday,No,No,Morning,8,No,Yes,No,3,No,No,Low,Minor,No
CHN202200745,12.96562,80.244253,Perungudi,OMR,Residential,1,6.2,30,Sunny,32.6,48.4,3928,16.6,Dry,Daylight,High,25.4,5.9,61.0,No,No,Yes,No,No,2024,11,Saturday,Yes,No,Morning,7,Yes,No,Yes,3,No,No,Low,Minor,No
CHN202400746,13.146115,80.22687,Madhavaram,Madhavaram High Road,Arterial,4,17.0,50,Sunny,34.2,48.7,3746,17.9,UnderConstruction,Daylight,Severe,8.3,4.3,77.0,Yes,Yes,No,No,No,2024,8,Saturday,Yes,No,Evening,18,No,Yes,Yes,8,Yes,Yes,Medium,Minor,Yes
CHN202200747,13.067199,80.197818,Koyambedu,Poonamallee High Road,Residential,2,8.5,40,Sunny,30.7,55.0,4703,9.1,Dry,Dawn,Medium,30.6,4.8,45.0,No,Yes,Yes,Yes,No,2025,7,Friday,No,No,Early Morning,4,No,No,No,1,No,No,Low,Minor,No
CHN202400748,13.118012,80.237472,Perambur,Paper Mills Road,Arterial,4,11.1,50,Sunny,35.3,58.4,4421,8.1,UnderConstruction,NightWithLights,High,24.5,3.9,67.0,No,No,No,No,No,2022,11,Saturday,Yes,Yes,Late Night,2,No,Yes,No,4,Yes,No,Medium,Major,No
CHN202400749,12.933104,80.235886,Thoraipakkam,OMR,Highway,6,20.6,80,Sunny,30.7,57.8,3258,9.0,Wet,Daylight,High,17.1,22.1,77.0,No,Yes,Yes,No,No,2023,3,Saturday,Yes,No,Morning,7,No,Yes,No,7,No,No,Low,Major,No
CHN202300750,12.945081,80.231868,Thoraipakkam,OMR,Highway,4,22.2,80,Drizzle,27.4,81.5,1822,9.5,Wet,Dawn,Medium,42.4,11.8,43.0,No,No,Yes,No,No,2022,2,Thursday,No,No,Early Morning,5,Yes,No,No,5,No,No,Low,Major,No
CHN202400751,12.901667,80.228442,Sholinganallur,OMR,Highway,6,23.5,100,Foggy,22.2,89.0,148,6.4,Dry,NightWithLights,Medium,40.9,,41.0,No,Yes,No,No,No,2025,5,Friday,No,No,Late Night,23,No,Yes,No,0,No,No,High,Fatal,No
CHN202200752,12.938958,80.253819,Neelankarai,ECR,Service Road,1,4.7,40,Sunny,31.2,45.1,4322,14.6,Dry,Daylight,High,27.0,12.6,35.0,No,No,No,No,No,2022,3,Monday,No,No,Evening,17,No,No,Yes,6,No,No,Low,Major,No
CHN202500753,13.0458,80.211694,Vadapalani,Arcot Road,Highway,6,17.5,100,Sunny,34.4,46.5,2763,14.4,Damaged,NightWithoutLights,Medium,29.4,22.4,21.0,No,No,No,No,No,2025,6,Friday,No,No,Night,20,No,Yes,Yes,2,No,No,High,Fatal,Yes
CHN202300754,13.050434,80.281133,Marina,Marina Beach Road,Arterial,2,10.3,50,Sunny,37.0,55.3,2736,15.9,Dry,NightWithLights,Medium,33.9,10.6,41.0,No,No,No,No,No,2025,9,Sunday,Yes,No,Night,20,Yes,Yes,Yes,5,No,No,Low,Major,No
CHN202400755,13.086563,80.209514,Anna Nagar,Anna Nagar 2nd Avenue,Residential,2,5.1,20,Drizzle,24.7,77.2,1571,17.1,Damaged,Daylight,Medium,26.5,3.3,46.0,No,No,No,Yes,No,2024,12,Sunday,Yes,No,Morning,9,No,No,Yes,2,No,No,Low,Minor,No
CHN202400756,13.120687,80.099881,Avadi,Chennai Bypass Road,Junction,4,18.1,30,Sunny,35.2,49.9,3442,15.9,Dry,Dawn,Severe,7.7,9.8,76.0,No,No,No,Yes,No,2023,12,Friday,No,No,Early Morning,4,Yes,No,No,9,No,Yes,High,Minor,Yes
CHN202200757,13.040968,80.159153,Porur,Mount Poonamallee Road,Arterial,2,12.9,40,Rainy,27.8,80.7,1490,22.9,Wet,NightWithoutLights,Low,43.8,10.2,39.0,No,No,Yes,Yes,No,2025,7,Sunday,Yes,No,Late Night,3,No,Yes,No,6,No,No,High,Minor,Yes
CHN202200758,12.949854,80.150433,Chrompet,GST Road,Arterial,2,10.2,40,Sunny,31.7,50.8,4576,7.6,Damaged,NightWithLights,Low,38.3,8.1,15.0,No,No,No,No,Yes,2025,4,Saturday,Yes,No,Late Night,2,No,No,No,6,No,No,Medium,Major,No
CHN202500759,12.933448,80.241656,Thoraipakkam,OMR,Junction,4,19.7,40,Rainy,26.5,81.0,854,25.4,Damaged,NightWithoutLights,Medium,36.7,2.2,35.0,No,No,Yes,No,No,2025,3,Saturday,Yes,No,Late Night,2,Yes,Yes,No,6,No,No,High,Major,Yes
CHN202200760,13.006517,80.220011,Guindy,GST Road,Junction,2,18.1,40,Sunny,35.8,55.5,3769,16.6,Dry,Dusk,High,24.0,2.1,62.0,Yes,No,No,Yes,Yes,2022,1,Sunday,Yes,Yes,Evening,16,No,No,Yes,4,No,No,Low,Minor,No
CHN202300761,13.004653,80.252101,Adyar,LB Road,Arterial,4,14.6,40,Rainy,24.5,77.0,599,23.1,Wet,NightWithLights,High,17.2,5.6,64.0,No,No,Yes,No,No,2022,5,Wednesday,No,No,Late Night,23,No,No,No,5,No,No,High,Major,Yes
CHN202200762,12.911841,80.257334,Injambakkam,ECR,Flyover,2,13.1,60,Cloudy,31.2,59.9,1624,14.4,Dry,NightWithLights,Severe,16.8,8.3,61.0,No,No,No,No,No,2024,3,Monday,No,No,Night,21,No,Yes,No,6,Yes,No,High,Major,No
CHN202500763,12.785993,80.208623,Kelambakkam,OMR Service Road,Service Road,2,6.5,30,Rainy,25.6,93.7,1072,14.0,Wet,NightWithoutLights,High,19.9,11.7,77.0,No,Yes,Yes,Yes,Yes,2024,5,Saturday,Yes,No,Late Night,3,Yes,No,No,4,Yes,No,High,Major,No
CHN202400764,13.00623,80.220835,Guindy,GST Road,Highway,6,20.1,80,Sunny,33.6,54.3,4505,11.1,Dry,Dawn,Severe,10.2,11.2,87.0,Yes,No,No,No,No,2025,8,Tuesday,No,No,Early Morning,4,Yes,Yes,Yes,9,Yes,Yes,High,Major,Yes
CHN202400765,12.918183,80.133411,Tambaram,GST Road,Highway,6,19.3,80,Cloudy,29.9,64.5,3194,13.5,Potholes,NightWithoutLights,High,24.9,15.7,64.0,No,No,Yes,Yes,No,2023,7,Saturday,Yes,No,Night,20,Yes,Yes,No,2,No,No,High,Fatal,No
CHN202400766,13.046405,80.233191,T Nagar,Anna Salai,Arterial,4,15.5,50,Sunny,31.9,61.6,3481,6.8,Dry,NightWithLights,Medium,30.2,5.7,21.0,No,No,No,Yes,No,2023,8,Saturday,Yes,No,Late Night,0,Yes,No,No,5,No,No,Low,Major,No
CHN202500767,13.030169,80.262843,Mylapore,Luz Church Road,Residential,1,7.5,30,Rainy,27.9,84.9,322,13.3,Wet,Daylight,High,17.0,8.2,54.0,No,No,Yes,No,No,2024,4,Saturday,Yes,No,Afternoon,13,Yes,No,No,4,Yes,Yes,High,Minor,Yes
CHN202500768,13.114121,80.244393,Perambur,Paper Mills Road,Arterial,2,14.3,60,Sunny,30.4,58.3,2094,17.2,Potholes,NightWithLights,Severe,12.1,3.1,81.0,No,No,No,No,No,2023,10,Sunday,Yes,Yes,Late Night,23,No,Yes,Yes,8,No,Yes,High,Fatal,Yes
CHN202300769,13.070199,80.19303,Koyambedu,Poonamallee High Road,Junction,4,14.4,50,Sunny,34.1,50.1,4420,7.4,UnderConstruction,Daylight,Low,48.1,9.9,53.0,Yes,Yes,Yes,No,No,2024,10,Thursday,No,No,Morning,9,Yes,No,Yes,6,Yes,No,Medium,Minor,No
CHN202500770,13.0404,80.157959,Porur,Mount Poonamallee Road,Arterial,2,13.2,60,Cloudy,33.8,72.1,3477,17.3,Dry,Daylight,High,15.4,9.9,70.0,No,No,Yes,Yes,No,2022,8,Tuesday,No,No,Afternoon,15,No,Yes,No,3,No,Yes,Medium,Major,Yes
CHN202300771,12.977473,80.216578,Velachery,Velachery Main Road,Flyover,4,11.8,70,Sunny,33.2,62.8,2482,9.0,Wet,NightWithLights,High,23.9,11.6,71.0,No,No,No,No,No,2022,11,Friday,No,No,Late Night,3,No,Yes,No,2,No,No,Medium,Major,No
CHN202200772,12.952449,80.153108,Chrompet,GST Road,Flyover,2,8.3,80,Rainy,25.0,88.6,695,11.1,Wet,NightWithLights,Medium,35.7,10.5,65.0,No,Yes,Yes,No,No,2024,7,Thursday,No,No,Late Night,2,No,No,Yes,3,No,No,High,Fatal,No
CHN202200773,13.016604,80.196507,Kathipara,GST Road Flyover,Flyover,2,12.5,80,Drizzle,25.0,86.6,1429,16.7,Wet,NightWithoutLights,Medium,32.1,6.6,31.0,Yes,No,No,No,No,2022,2,Thursday,No,No,Night,19,No,Yes,No,2,No,No,Medium,Fatal,No
CHN202400774,12.932664,80.252763,Neelankarai,ECR,Highway,4,21.8,80,Sunny,31.7,50.4,4011,8.8,Dry,NightWithoutLights,High,20.2,24.8,46.0,No,No,Yes,No,No,2025,6,Wednesday,No,No,Night,20,No,Yes,No,2,No,No,Medium,Major,No
CHN202300775,13.113529,80.153874,Ambattur,Ambattur Industrial Estate Road,Junction,4,16.6,40,Rainy,25.3,85.1,482,26.2,Damaged,NightWithLights,Severe,6.8,11.8,74.0,No,No,No,No,Yes,2025,7,Saturday,Yes,No,Late Night,3,Yes,No,No,10,No,Yes,High,Major,Yes
CHN202400776,12.940384,80.238005,Thoraipakkam,OMR,Highway,6,19.6,100,Sunny,37.5,57.3,2037,11.2,Dry,Dusk,Medium,32.9,22.7,36.0,No,No,Yes,No,No,2022,1,Friday,No,No,Evening,18,No,Yes,Yes,6,No,No,Low,Major,No
CHN202200777,12.788497,80.215526,Kelambakkam,OMR Service Road,Service Road,1,6.5,20,Cloudy,28.1,68.4,3822,9.1,Damaged,Dusk,High,16.3,5.5,56.0,No,No,No,No,No,2023,12,Friday,No,No,Evening,18,No,No,No,0,No,No,Low,Minor,No
CHN202400778,13.040741,80.146102,Porur,Mount Poonamallee Road,Arterial,2,15.4,60,Drizzle,26.9,76.6,1537,13.6,Wet,NightWithLights,Low,51.9,9.9,34.0,Yes,No,No,No,No,2022,6,Sunday,Yes,No,Late Night,1,No,No,No,5,No,No,High,Major,Yes
CHN202400779,13.056597,80.103923,Poonamallee,Poonamallee High Road,Arterial,2,14.7,60,Sunny,36.6,45.8,3060,13.5,Potholes,NightWithoutLights,Severe,,5.4,100.0,Yes,Yes,No,No,No,2024,6,Friday,No,No,Night,22,No,Yes,Yes,8,No,Yes,High,Major,Yes
CHN202200780,13.144317,80.235027,Madhavaram,Madhavaram High Road,Arterial,2,15.4,50,Sunny,29.7,59.0,4209,6.4,Damaged,NightWithLights,High,28.9,4.8,57.0,No,No,Yes,No,No,2023,6,Wednesday,No,No,Night,20,No,Yes,No,4,No,No,Medium,Major,No
CHN202500781,13.071492,80.197191,Koyambedu,Poonamallee High Road,Arterial,2,14.0,50,Cloudy,27.1,57.6,1852,12.2,Dry,Daylight,Medium,33.0,8.5,70.0,Yes,No,No,Yes,No,2025,2,Tuesday,No,No,Afternoon,14,No,Yes,No,4,No,No,Low,Minor,No
CHN202200782,13.011755,80.20061,Kathipara,GST Road Flyover,Flyover,4,13.4,70,Drizzle,26.1,82.6,817,11.8,Wet,NightWithoutLights,High,26.4,6.8,47.0,No,No,No,No,No,2025,7,Sunday,Yes,No,Early Morning,5,No,No,No,11,No,No,High,Fatal,No
CHN202500783,12.783677,80.218127,Kelambakkam,OMR Service Road,Service Road,2,7.1,30,Cloudy,27.6,72.3,3958,17.3,Dry,NightWithLights,Medium,31.8,18.0,31.0,No,No,No,No,No,2025,4,Sunday,Yes,Yes,Late Night,2,No,No,Yes,0,No,No,Low,Minor,No
CHN202500784,12.921591,80.248254,Injambakkam,ECR,Highway,4,20.8,80,Sunny,34.6,52.5,4103,13.5,Damaged,Daylight,Severe,4.0,9.3,79.0,No,No,No,Yes,No,2022,5,Wednesday,No,No,Morning,8,No,Yes,Yes,6,Yes,No,Medium,Major,No
CHN202200785,13.049923,80.214287,Vadapalani,Arcot Road,Arterial,4,12.9,50,Sunny,36.3,46.0,4984,16.0,Dry,Daylight,Low,45.3,8.9,41.0,No,No,No,No,No,2023,11,Sunday,Yes,Yes,Evening,16,No,No,No,4,No,No,Low,Major,No
CHN202400786,12.96995,80.239909,Perungudi,OMR,Highway,4,23.1,80,Rainy,29.1,92.6,1344,14.5,Wet,Daylight,Low,46.3,17.8,14.0,No,No,No,Yes,Yes,2025,7,Friday,No,No,Morning,9,No,No,No,3,No,No,Medium,Major,No
CHN202400787,13.050951,80.21653,Vadapalani,Arcot Road,Flyover,2,11.1,70,Cloudy,32.2,62.7,2032,13.8,Dry,NightWithLights,High,12.8,8.7,47.0,No,No,No,No,No,2022,3,Tuesday,No,No,Late Night,23,No,No,Yes,2,No,No,Medium,Major,No
CHN202300788,13.107828,80.240975,Perambur,Paper Mills Road,Arterial,4,16.1,50,Sunny,39.0,62.8,3120,5.4,Dry,Daylight,Severe,4.0,3.6,100.0,Yes,Yes,Yes,Yes,No,2025,3,Saturday,Yes,No,Afternoon,12,Yes,No,No,4,No,No,Low,Minor,No
CHN202500789,13.159982,80.23023,Madhavaram,Madhavaram High Road,Flyover,4,12.2,60,Rainy,24.2,79.7,642,27.8,Potholes,Daylight,Low,45.3,6.2,24.0,No,No,No,No,No,2023,1,Thursday,No,No,Morning,6,No,Yes,No,2,Yes,No,Medium,Major,No
CHN202500790,13.04369,80.155462,Porur,Mount Poonamallee Road,Residential,2,5.7,40,Sunny,35.7,64.8,2883,8.5,Dry,NightWithLights,Medium,27.3,3.1,32.0,No,No,No,No,No,2025,3,Saturday,Yes,Yes,Late Night,1,No,No,Yes,0,No,No,Low,Minor,No
CHN202400791,12.94013,80.254246,Neelankarai,ECR,Highway,4,14.6,80,Rainy,27.2,80.9,320,28.8,Wet,NightWithLights,Medium,34.3,21.0,46.0,Yes,No,Yes,Yes,No,2023,2,Sunday,Yes,No,Night,21,Yes,Yes,Yes,4,No,No,High,Fatal,No
CHN202200792,12.788756,80.219857,Kelambakkam,OMR Service Road,Flyover,4,11.7,60,Sunny,31.6,60.2,3156,,Potholes,NightWithLights,Severe,14.3,8.9,89.0,Yes,No,No,No,No,2022,7,Saturday,Yes,No,Late Night,3,No,Yes,No,9,No,Yes,High,Fatal,Yes
CHN202400793,13.071479,80.192638,Koyambedu,Poonamallee High Road,Highway,8,19.6,80,Foggy,21.6,92.5,364,9.5,Dry,Dawn,Medium,34.5,7.1,50.0,No,No,No,No,No,2022,4,Friday,No,No,Early Morning,5,No,Yes,Yes,3,No,No,Medium,Major,No
CHN202300794,13.00157,80.258009,Adyar,LB Road,Arterial,2,13.2,40,Cloudy,32.7,60.3,3053,16.5,Dry,Dusk,Medium,45.5,9.5,50.0,No,No,Yes,No,No,2023,5,Wednesday,No,No,Evening,16,No,Yes,Yes,3,No,No,Low,Minor,No
CHN202400795,12.922034,80.123239,Tambaram,GST Road,Highway,4,21.1,100,Cloudy,33.2,62.6,2487,16.2,Dry,NightWithoutLights,Medium,32.0,11.8,36.0,No,No,No,Yes,No,2022,3,Wednesday,No,No,Early Morning,4,No,No,Yes,4,No,No,Medium,Major,No
CHN202200796,13.043436,80.282491,Marina,Marina Beach Road,Residential,2,8.7,40,Cloudy,29.9,71.6,3600,15.1,Damaged,Daylight,High,17.3,7.6,66.0,No,No,Yes,Yes,No,2024,3,Wednesday,No,No,Afternoon,13,No,Yes,No,5,No,No,Low,Minor,No
CHN202200797,13.04254,80.231702,T Nagar,Anna Salai,Flyover,4,9.8,60,Sunny,30.8,52.5,3706,13.4,Dry,NightWithoutLights,High,20.2,11.0,65.0,Yes,No,Yes,No,No,2024,12,Tuesday,No,No,Late Night,0,No,Yes,No,5,No,No,Low,Major,No
CHN202400798,12.898639,80.225132,Sholinganallur,OMR,Highway,8,15.3,80,Sunny,37.0,50.6,3782,7.2,Dry,NightWithLights,Medium,31.8,10.7,26.0,No,No,No,No,No,2022,12,Monday,No,No,Late Night,3,No,Yes,No,3,No,No,Medium,Fatal,No
CHN202300799,12.917063,80.130592,Tambaram,GST Road,Highway,8,15.0,60,Sunny,33.4,57.5,2601,10.8,Wet,Daylight,High,19.1,24.0,72.0,No,Yes,No,Yes,No,2025,8,Sunday,Yes,No,Afternoon,14,Yes,Yes,No,5,No,No,Medium,Major,No
CHN202400800,13.076481,80.194371,Koyambedu,Poonamallee High Road,Arterial,4,12.3,60,Sunny,38.1,60.6,3101,9.5,Wet,Daylight,Medium,35.7,8.1,74.0,Yes,No,Yes,No,No,2024,9,Sunday,Yes,No,Afternoon,15,No,Yes,Yes,6,No,No,Medium,Major,No
CHN202500801,13.081165,80.259451,Egmore,Mount Road,Arterial,4,12.9,60,Cloudy,32.8,66.1,2426,16.9,Dry,Daylight,Medium,35.8,4.6,49.0,No,No,Yes,Yes,No,2025,1,Friday,No,Yes,Afternoon,13,No,No,Yes,3,No,No,Low,Minor,No
CHN202200802,13.033365,80.27257,Mylapore,Luz Church Road,Arterial,4,10.9,50,Rainy,27.5,82.6,1096,29.5,Wet,Daylight,Low,42.7,7.0,43.0,Yes,No,No,Yes,No,2023,1,Tuesday,No,No,Afternoon,13,Yes,Yes,Yes,4,No,No,High,Minor,No
CHN202400803,12.939688,80.235951,Thoraipakkam,OMR,Residential,2,5.3,40,Sunny,29.6,60.3,2535,9.6,Dry,Dusk,High,22.3,5.5,72.0,No,No,Yes,Yes,No,2022,3,Thursday,No,No,Evening,17,No,Yes,Yes,5,No,No,Low,Minor,No
CHN202400804,12.907841,80.233022,Sholinganallur,OMR,Highway,4,23.6,80,Rainy,24.8,87.3,1338,10.5,Wet,Daylight,High,13.4,21.7,58.0,No,Yes,No,Yes,Yes,2024,6,Monday,No,No,Afternoon,12,Yes,Yes,Yes,2,No,No,Medium,Fatal,No
CHN202500805,13.049395,80.277895,Marina,Marina Beach Road,Arterial,2,14.2,50,Cloudy,27.3,69.3,2248,13.5,UnderConstruction,NightWithLights,Medium,35.1,10.7,53.0,No,No,Yes,No,No,2022,7,Tuesday,No,No,Night,20,No,Yes,Yes,4,Yes,No,Medium,Minor,No
CHN202500806,12.934387,80.262287,Neelankarai,ECR,Highway,4,16.8,80,Rainy,25.3,78.2,301,22.1,Wet,Daylight,Severe,10.7,15.6,64.0,No,No,No,Yes,No,2024,9,Tuesday,No,No,Morning,9,No,Yes,No,11,Yes,Yes,High,Major,Yes
CHN202200807,13.084787,80.209033,Anna Nagar,Anna Nagar 2nd Avenue,Residential,1,8.3,30,Sunny,35.8,62.7,4069,6.2,Dry,NightWithoutLights,Medium,38.1,6.3,43.0,Yes,Yes,No,No,No,2025,3,Friday,No,No,Late Night,23,Yes,No,No,5,No,No,Low,Minor,No
CHN202500808,12.937344,80.235135,Thoraipakkam,OMR,Highway,4,21.0,100,Sunny,30.7,59.1,3706,9.1,Wet,Dawn,High,19.6,24.8,48.0,Yes,No,No,No,No,2022,6,Friday,No,No,Early Morning,5,Yes,Yes,No,3,No,No,Medium,Fatal,No
CHN202200809,12.938773,80.260224,Neelankarai,ECR,Highway,8,19.5,80,Cloudy,28.2,61.2,3710,13.3,Dry,Dawn,Medium,35.7,14.0,12.0,No,No,No,Yes,No,2025,5,Friday,No,No,Early Morning,5,No,Yes,Yes,4,Yes,No,Low,Fatal,No
CHN202200810,12.923083,80.123337,Tambaram,GST Road,Highway,6,19.2,80,Sunny,29.1,48.0,2659,17.7,UnderConstruction,Daylight,High,27.0,24.5,55.0,No,No,No,No,No,2022,8,Saturday,Yes,No,Morning,9,No,Yes,Yes,2,Yes,No,Medium,Major,No
CHN202400811,13.003936,80.218097,Guindy,GST Road,Highway,6,15.7,60,Drizzle,25.3,76.3,995,15.2,Damaged,Daylight,Medium,42.8,14.1,46.0,No,No,Yes,No,No,2024,6,Saturday,Yes,No,Morning,8,No,Yes,No,3,No,No,Medium,Minor,No
CHN202400812,13.071949,80.254403,Egmore,Mount Road,Residential,2,5.3,20,Cloudy,30.2,65.1,2687,15.7,UnderConstruction,Daylight,Low,50.0,4.1,19.0,No,No,No,No,No,2022,2,Wednesday,No,Yes,Morning,10,No,No,Yes,2,Yes,No,Low,Minor,No
CHN202300813,13.066945,80.257888,Egmore,Mount Road,Service Road,2,5.8,20,Rainy,28.5,85.5,1195,16.2,Wet,Dusk,Severe,12.4,9.2,79.0,No,No,No,Yes,No,2022,9,Friday,No,No,Evening,16,No,No,No,7,No,No,Medium,Minor,No
CHN202400814,12.910539,80.258682,Injambakkam,ECR,Residential,2,8.8,40,Cloudy,27.4,59.2,2611,11.2,Dry,NightWithLights,High,18.4,6.8,63.0,Yes,No,No,Yes,No,2022,6,Wednesday,No,No,Night,20,No,No,No,1,Yes,No,Low,Minor,No
CHN202300815,13.042979,80.157407,Porur,Mount Poonamallee Road,Arterial,2,11.8,50,Sunny,34.8,47.9,4057,7.8,Dry,NightWithoutLights,Medium,29.3,11.8,39.0,Yes,No,Yes,No,Yes,2025,8,Wednesday,No,No,Late Night,23,No,Yes,No,6,No,No,Low,Major,No
CHN202200816,13.074153,80.270684,Egmore,Mount Road,Arterial,2,11.0,50,Sunny,30.3,55.7,4111,15.1,Dry,Daylight,Medium,30.2,11.3,57.0,Yes,No,Yes,No,No,2022,8,Friday,No,No,Morning,6,No,No,Yes,9,No,Yes,Medium,Minor,Yes
CHN202500817,13.140076,80.234894,Madhavaram,Madhavaram High Road,Residential,1,7.1,20,Cloudy,32.3,60.3,3637,11.2,Dry,Daylight,Low,49.3,8.1,47.0,Yes,Yes,No,Yes,No,2025,1,Saturday,Yes,No,Afternoon,12,No,No,No,0,No,No,Low,Minor,No
CHN202300818,13.038278,80.148782,Porur,Mount Poonamallee Road,Arterial,2,16.1,60,Sunny,31.0,64.3,3025,10.1,Wet,Daylight,High,24.7,4.6,58.0,No,No,No,Yes,No,2025,6,Wednesday,No,No,Morning,7,No,No,Yes,6,No,No,Medium,Major,No
CHN202500819,13.066,80.192126,Koyambedu,Poonamallee High Road,Junction,4,14.5,40,Cloudy,31.7,59.0,3583,17.4,Dry,NightWithLights,High,15.0,3.6,79.0,Yes,Yes,No,Yes,No,2025,7,Monday,No,No,Late Night,23,No,No,Yes,3,Yes,No,Medium,Minor,No
CHN202300820,13.085703,80.213524,Anna Nagar,Anna Nagar 2nd Avenue,Residential,1,7.5,40,Sunny,31.6,57.2,3746,16.5,Dry,NightWithoutLights,High,19.4,2.5,56.0,No,No,No,No,No,2025,8,Monday,No,No,Night,22,No,No,No,4,No,No,Medium,Minor,Yes
CHN202200821,13.035466,80.265419,Mylapore,Luz Church Road,Residential,1,5.9,20,Sunny,34.3,50.2,3667,6.9,Dry,Daylight,High,13.6,9.5,69.0,No,No,Yes,No,No,2022,10,Monday,No,No,Morning,6,Yes,Yes,No,1,No,No,Low,Minor,No
CHN202300822,13.11137,80.241048,Perambur,Paper Mills Road,Junction,2,15.6,40,Sunny,36.8,61.3,3869,12.5,Damaged,Daylight,Medium,26.0,2.0,53.0,No,Yes,No,No,No,2022,12,Thursday,No,No,Morning,8,No,No,No,9,No,Yes,Medium,Minor,Yes
CHN202300823,13.009878,80.200246,Kathipara,GST Road Flyover,Flyover,2,9.5,60,Sunny,36.7,54.1,2485,6.1,Dry,Dusk,Medium,36.6,5.1,0.0,Yes,No,No,No,No,2023,2,Monday,No,No,Evening,17,No,Yes,No,4,No,No,Low,Major,Yes
CHN202500824,12.898405,80.224784,Sholinganallur,OMR,Highway,6,20.0,100,Cloudy,29.0,70.6,3964,18.9,Dry,Daylight,Low,46.9,6.7,13.0,Yes,No,No,No,Yes,2023,6,Saturday,Yes,No,Afternoon,12,No,No,No,2,Yes,No,Low,Major,No
CHN202500825,12.936802,80.257492,Neelankarai,ECR,Highway,4,19.6,60,Sunny,36.1,45.3,3916,14.8,Dry,Daylight,High,17.1,12.4,40.0,No,,No,No,Yes,2022,9,Friday,No,No,Morning,8,No,No,Yes,5,No,No,Low,Major,No
CHN202400826,12.93805,80.239324,Thoraipakkam,OMR,Flyover,4,13.8,60,Sunny,37.5,46.9,4357,6.7,Dry,NightWithoutLights,High,27.1,10.7,54.0,No,No,No,No,No,2025,2,Thursday,No,No,Early Morning,5,Yes,Yes,No,6,No,No,High,Major,No
CHN202500827,13.007376,80.25641,Adyar,LB Road,Arterial,2,11.9,40,Sunny,34.9,47.8,2947,7.9,Dry,NightWithoutLights,Severe,8.1,2.5,65.0,Yes,No,No,No,No,2024,6,Saturday,Yes,No,Late Night,3,No,No,No,7,No,No,Medium,Minor,No
CHN202300828,12.937239,80.259669,Neelankarai,ECR,Service Road,1,6.7,20,Sunny,37.8,64.0,2510,13.9,Dry,Dusk,Severe,8.7,8.2,89.0,Yes,No,Yes,Yes,Yes,2022,1,Friday,No,No,Evening,18,No,No,No,8,No,No,Low,Minor,No
CHN202300829,12.977231,80.215157,Velachery,Velachery Main Road,Arterial,2,12.5,40,Sunny,32.3,59.6,3796,10.6,Dry,Dawn,Severe,19.2,10.1,75.0,No,No,No,Yes,No,2023,6,Sunday,Yes,No,Early Morning,5,No,No,No,5,No,No,Medium,Minor,No
CHN202500830,13.056772,80.099382,Poonamallee,Poonamallee High Road,Arterial,2,15.1,50,Sunny,37.2,55.3,4060,12.5,Dry,NightWithoutLights,High,26.0,2.2,62.0,No,No,Yes,Yes,No,2024,6,Thursday,No,No,Late Night,0,No,Yes,Yes,6,Yes,No,Medium,Minor,No
CHN202500831,12.950483,80.140869,Chrompet,GST Road,Arterial,4,16.2,50,Rainy,28.3,90.1,658,17.6,Wet,NightWithoutLights,Low,46.1,11.1,31.0,Yes,Yes,No,Yes,No,2024,12,Thursday,No,No,Night,21,No,No,No,5,No,No,High,Minor,Yes
CHN202400832,13.067309,80.20382,Koyambedu,Poonamallee High Road,Junction,4,10.3,40,Cloudy,32.5,62.1,3798,18.1,Dry,Dusk,Medium,34.0,10.4,15.0,No,No,No,No,No,2022,12,Monday,No,No,Evening,18,No,No,Yes,5,No,No,Low,Minor,No
CHN202400833,12.999015,80.259974,Adyar,LB Road,Arterial,4,13.9,50,Rainy,28.7,85.3,1358,28.6,Damaged,NightWithoutLights,High,14.3,7.0,67.0,No,No,Yes,Yes,No,2022,9,Sunday,Yes,No,Late Night,23,No,Yes,No,9,No,Yes,High,Major,Yes
CHN202400834,13.055507,80.093559,Poonamallee,Poonamallee High Road,Arterial,4,12.4,40,Sunny,31.5,56.8,2846,11.9,Dry,NightWithoutLights,Medium,23.1,11.6,38.0,No,No,Yes,No,No,2022,9,Sunday,Yes,No,Late Night,0,No,No,No,5,No,No,Low,Major,No
CHN202400835,12.893083,80.223361,Sholinganallur,OMR,Highway,8,21.7,100,Sunny,38.1,62.2,3356,13.8,Dry,Daylight,Medium,35.7,14.7,54.0,No,Yes,Yes,Yes,No,2024,9,Thursday,No,Yes,Evening,18,No,No,Yes,3,No,No,Low,Major,No
CHN202200836,13.047297,80.210469,Vadapalani,Arcot Road,Arterial,4,14.4,40,Sunny,32.5,60.9,2441,8.1,Wet,Dawn,Severe,5.0,7.9,85.0,No,No,No,No,No,2025,1,Saturday,Yes,Yes,Early Morning,5,Yes,No,No,11,No,No,High,Minor,No
CHN202400837,13.03337,80.269043,Mylapore,Luz Church Road,Residential,2,5.9,30,Rainy,24.8,94.2,1196,26.6,Potholes,Daylight,High,29.1,8.5,51.0,No,No,No,Yes,No,2025,6,Monday,No,No,Afternoon,11,No,Yes,Yes,4,No,No,Medium,Minor,Yes
CHN202400838,13.011535,80.201109,Kathipara,GST Road Flyover,Flyover,2,8.3,60,Sunny,36.8,45.6,3052,17.1,Dry,Daylight,Low,45.4,10.6,0.0,No,No,No,No,Yes,2025,3,Thursday,No,No,Afternoon,12,No,Yes,Yes,2,No,No,Low,Major,No
CHN202200839,13.02917,80.157771,Porur,Mount Poonamallee Road,Arterial,4,10.8,60,Drizzle,27.4,78.0,1844,15.7,Wet,Daylight,High,19.6,11.3,55.0,No,Yes,Yes,No,No,2024,8,Saturday,Yes,No,Afternoon,12,No,No,Yes,5,No,No,Medium,Major,No
CHN202500840,12.900477,80.222737,Sholinganallur,OMR,Highway,4,14.0,80,Sunny,38.4,55.9,2005,17.3,Dry,Daylight,High,15.6,18.6,85.0,Yes,No,Yes,Yes,No,2025,7,Wednesday,No,No,Afternoon,11,No,No,No,6,No,No,Medium,Major,No
CHN202200841,13.0467,80.206229,Vadapalani,Arcot Road,Junction,4,18.8,30,Sunny,32.5,58.5,4114,5.8,Dry,Dawn,High,18.3,5.0,75.0,No,Yes,No,No,No,2025,12,Wednesday,No,No,Early Morning,4,Yes,No,Yes,6,No,No,Medium,Minor,No
CHN202500842,13.034803,80.156571,Porur,Mount Poonamallee Road,Arterial,4,15.3,40,Sunny,33.9,55.4,3191,12.6,Damaged,Dawn,High,15.1,6.1,69.0,No,No,No,Yes,No,2022,11,Monday,No,Yes,Early Morning,5,No,Yes,Yes,5,No,No,Medium,Minor,No
CHN202300843,12.923223,80.131322,Tambaram,GST Road,Flyover,2,10.9,70,Cloudy,27.0,59.1,1751,10.0,Dry,NightWithLights,Medium,22.8,3.9,51.0,Yes,Yes,No,No,No,2025,1,Wednesday,No,No,Late Night,2,No,Yes,Yes,3,No,No,Medium,Fatal,No
CHN202200844,12.796526,80.219556,Kelambakkam,OMR Service Road,Service Road,2,5.6,30,Rainy,25.4,87.0,1057,26.1,Potholes,NightWithLights,Medium,35.0,22.2,56.0,No,Yes,Yes,No,No,2025,3,Saturday,Yes,No,Late Night,1,No,No,Yes,4,No,No,High,Major,No
CHN202400845,13.041321,80.142725,Porur,Mount Poonamallee Road,Highway,4,14.8,60,Sunny,38.4,60.1,2177,9.3,Dry,Daylight,Low,39.9,10.0,16.0,No,No,No,No,No,2025,6,Tuesday,No,Yes,Evening,17,No,No,Yes,2,No,No,Low,Major,No
CHN202500846,13.009663,80.19641,Kathipara,GST Road Flyover,Service Road,1,6.1,30,Sunny,32.0,58.8,4061,5.2,Dry,Dusk,High,30.9,11.9,71.0,No,Yes,No,No,No,2024,6,Sunday,Yes,No,Evening,18,No,No,Yes,6,No,No,Low,Minor,No
CHN202400847,12.901064,80.23114,Sholinganallur,OMR,Arterial,4,15.3,50,Rainy,29.2,79.9,1441,28.3,Wet,NightWithoutLights,High,12.3,7.0,75.0,No,No,Yes,Yes,No,2025,1,Monday,No,Yes,Late Night,23,No,No,No,5,No,No,High,Major,Yes
CHN202300848,13.110997,80.153966,Ambattur,Ambattur Industrial Estate Road,Residential,2,6.4,40,Sunny,32.2,59.5,3479,12.2,Dry,Daylight,Low,41.3,5.2,9.0,No,No,No,Yes,No,2022,1,Friday,No,Yes,Afternoon,12,No,Yes,Yes,1,No,Yes,Low,Minor,No
CHN202500849,13.050495,80.213197,Vadapalani,Arcot Road,Arterial,4,10.4,60,Drizzle,26.7,,1756,12.3,Potholes,Daylight,Medium,32.5,5.4,64.0,No,No,No,Yes,No,2025,10,Saturday,Yes,Yes,Morning,8,Yes,Yes,Yes,4,No,No,Medium,Major,No
CHN202400850,12.936661,80.232139,Thoraipakkam,OMR,Service Road,1,6.2,30,Sunny,33.6,60.4,2122,10.4,Dry,NightWithLights,Severe,7.0,6.3,100.0,No,Yes,No,No,No,2025,1,Saturday,Yes,Yes,Night,19,No,No,No,4,No,No,Medium,Minor,No
CHN202300851,13.045237,80.288562,Marina,Marina Beach Road,Arterial,2,11.3,40,Sunny,35.2,49.0,2255,8.5,Wet,NightWithLights,High,28.0,7.3,58.0,Yes,No,No,No,No,2023,6,Monday,No,No,Late Night,23,No,No,No,5,No,No,Medium,Minor,No
CHN202400852,12.921212,80.264373,Injambakkam,ECR,Highway,4,19.9,100,Foggy,20.6,89.7,63,8.3,Dry,Daylight,Low,48.6,9.7,34.0,Yes,No,No,No,No,2023,6,Saturday,Yes,No,Morning,7,Yes,No,No,3,No,No,Medium,Major,No
CHN202300853,13.044298,80.213226,Vadapalani,Arcot Road,Flyover,4,13.0,80,Sunny,29.2,48.9,4223,16.3,Damaged,Dusk,Medium,29.4,3.2,34.0,No,No,No,No,No,2023,7,Friday,No,No,Evening,18,Yes,No,No,1,No,No,Low,Major,No
CHN202500854,12.938368,80.233028,Thoraipakkam,OMR,Highway,6,18.7,80,Drizzle,26.7,75.2,2157,15.4,Potholes,Daylight,Medium,36.2,23.8,39.0,No,No,Yes,Yes,No,2024,3,Monday,No,No,Evening,16,Yes,No,No,2,Yes,No,Medium,Major,No
CHN202200855,13.036722,80.268496,Mylapore,Luz Church Road,Residential,1,6.1,30,Cloudy,32.6,56.7,2602,18.2,Dry,NightWithoutLights,Low,48.6,6.3,40.0,Yes,No,Yes,No,No,2024,9,Tuesday,No,No,Late Night,1,No,No,Yes,1,Yes,No,Low,Minor,No
CHN202400856,12.914669,80.256472,Injambakkam,ECR,Junction,2,15.0,50,Sunny,37.4,56.9,4583,5.6,Dry,Daylight,High,16.5,6.7,66.0,No,No,No,Yes,No,2024,1,Tuesday,No,No,Afternoon,11,No,No,No,6,No,No,Medium,Minor,No
CHN202400857,12.915331,80.130118,Tambaram,GST Road,Highway,8,23.3,100,Foggy,22.1,89.1,179,9.4,Dry,NightWithLights,Severe,12.3,8.4,70.0,No,No,Yes,Yes,No,2024,8,Saturday,Yes,No,Late Night,23,No,No,Yes,7,Yes,No,High,Fatal,No
CHN202300858,13.050407,80.283364,Marina,Marina Beach Road,Service Road,2,5.0,40,Sunny,37.3,52.2,4021,15.5,Damaged,NightWithoutLights,Medium,42.0,24.6,42.0,No,No,Yes,Yes,No,2022,5,Tuesday,No,No,Night,22,No,Yes,Yes,4,Yes,No,Medium,Minor,No
CHN202200859,13.122572,80.149477,Ambattur,Ambattur Industrial Estate Road,Residential,2,7.4,40,Sunny,37.8,54.8,2680,11.5,Dry,Daylight,Low,35.6,5.3,24.0,No,No,Yes,No,No,2023,3,Thursday,No,No,Morning,6,No,No,No,3,No,No,Low,Minor,No
CHN202300860,12.791261,80.213724,Kelambakkam,OMR Service Road,Service Road,1,4.8,20,Cloudy,27.3,58.2,1513,10.1,UnderConstruction,Dusk,Medium,37.1,18.1,40.0,Yes,No,No,No,No,2024,7,Thursday,No,No,Evening,17,No,Yes,Yes,2,Yes,No,Low,Minor,No
CHN202500861,13.055837,80.218179,Vadapalani,Arcot Road,Arterial,4,15.9,50,Sunny,34.4,50.5,2290,9.5,Damaged,Daylight,High,25.4,7.0,56.0,No,No,No,Yes,No,2024,1,Tuesday,No,No,Afternoon,12,Yes,Yes,No,4,No,No,Medium,Minor,No
CHN202200862,13.074885,80.194277,Koyambedu,Poonamallee High Road,Junction,4,12.9,40,Cloudy,28.1,63.8,3092,18.6,Dry,Daylight,Medium,27.0,10.8,30.0,No,,No,Yes,No,2025,7,Saturday,Yes,No,Afternoon,14,No,Yes,No,4,No,No,Low,Minor,No
CHN202400863,13.035446,80.16171,Porur,Mount Poonamallee Road,Arterial,4,17.8,50,Sunny,31.1,62.4,2143,11.6,Potholes,Daylight,Medium,29.6,7.7,56.0,No,Yes,Yes,No,No,2025,4,Monday,No,No,Morning,10,No,Yes,Yes,4,No,No,Low,Minor,No
CHN202200864,13.113932,80.097944,Avadi,Chennai Bypass Road,Highway,4,22.7,100,Rainy,25.9,91.0,577,14.5,Wet,NightWithLights,Medium,28.3,23.5,41.0,No,Yes,No,No,No,2024,8,Thursday,No,No,Late Night,1,No,No,Yes,2,No,No,High,Fatal,Yes
CHN202400865,13.152299,80.226925,Madhavaram,Madhavaram High Road,Arterial,4,13.2,40,Foggy,24.0,91.2,82,4.1,Dry,Daylight,Medium,28.4,5.8,43.0,Yes,No,No,No,No,2023,2,Sunday,Yes,No,Morning,9,No,Yes,No,3,No,No,Low,Minor,No
CHN202200866,13.114272,80.242325,Perambur,Paper Mills Road,Flyover,4,10.5,70,Rainy,24.6,93.2,472,28.8,Wet,Dawn,High,13.4,7.3,71.0,No,No,No,No,No,2022,12,Wednesday,No,No,Early Morning,4,No,Yes,Yes,2,No,No,High,Fatal,No
CHN202300867,13.083786,80.20599,Anna Nagar,Anna Nagar 2nd Avenue,Residential,2,7.8,30,Sunny,34.7,46.2,2750,17.1,Dry,NightWithLights,Medium,27.5,2.0,36.0,Yes,No,Yes,Yes,No,2022,2,Wednesday,No,No,Late Night,0,No,No,Yes,0,No,Yes,Low,Minor,No
CHN202500868,13.073602,80.195362,Koyambedu,Poonamallee High Road,Arterial,2,15.9,50,Sunny,35.3,45.1,4071,9.8,Dry,NightWithLights,Low,55.7,3.9,13.0,No,No,No,No,No,2022,9,Sunday,Yes,No,Late Night,1,Yes,No,Yes,7,No,No,Medium,Major,No
CHN202200869,13.044479,80.206046,Vadapalani,Arcot Road,Residential,1,5.1,30,Cloudy,32.5,55.1,1676,18.3,Dry,Dusk,Medium,42.3,10.9,41.0,No,No,Yes,Yes,No,2025,12,Tuesday,No,No,Evening,17,No,No,Yes,2,No,No,Low,Minor,No
CHN202500870,13.153889,80.230492,Madhavaram,Madhavaram High Road,Arterial,2,13.1,50,Cloudy,29.9,62.7,2321,8.2,Dry,Dawn,Severe,7.2,11.7,77.0,No,No,Yes,No,No,2023,3,Thursday,No,No,Early Morning,4,Yes,Yes,No,10,No,Yes,Medium,Minor,Yes
CHN202500871,12.786525,80.22041,Kelambakkam,OMR Service Road,Service Road,1,5.4,20,Sunny,31.6,46.4,3530,7.0,Dry,Dawn,High,17.3,8.2,46.0,No,No,No,Yes,No,2025,5,Sunday,Yes,No,Early Morning,4,No,No,No,6,No,No,Low,Minor,No
CHN202300872,13.029887,80.269572,Mylapore,Luz Church Road,Residential,2,6.4,20,Cloudy,27.2,73.7,1920,12.5,Potholes,Dusk,Medium,26.4,9.4,11.0,Yes,No,No,Yes,No,2024,2,Tuesday,No,No,Evening,16,No,Yes,Yes,1,Yes,No,Low,Minor,No
CHN202500873,13.108786,80.238979,Perambur,Paper Mills Road,Arterial,4,16.6,40,Rainy,28.8,93.4,1455,24.7,Wet,NightWithoutLights,Severe,9.9,5.8,87.0,No,No,Yes,No,No,2023,11,Sunday,Yes,Yes,Night,19,Yes,Yes,No,10,No,Yes,High,Major,Yes
CHN202300874,13.010687,80.203446,Kathipara,GST Road Flyover,Service Road,1,4.9,40,Sunny,34.2,57.0,2301,6.1,Dry,Daylight,Medium,33.2,6.0,47.0,Yes,No,No,No,Yes,2022,12,Tuesday,No,No,Evening,17,No,No,No,0,No,No,Low,Minor,No
CHN202300875,12.911127,80.255267,Injambakkam,ECR,Arterial,4,14.8,60,Sunny,31.5,56.8,4430,15.9,UnderConstruction,NightWithLights,High,19.5,2.7,75.0,No,No,Yes,No,No,2025,7,Tuesday,No,No,Night,21,No,Yes,No,7,Yes,No,Medium,Minor,Yes
CHN202500876,12.944228,80.230878,Thoraipakkam,OMR,Residential,1,,20,Sunny,34.1,45.1,2744,7.0,Dry,NightWithLights,High,22.9,11.2,62.0,No,No,Yes,Yes,No,2023,5,Tuesday,No,No,Late Night,0,No,No,Yes,2,No,No,Low,Minor,No
CHN202200877,12.933144,80.256894,Neelankarai,ECR,Highway,8,16.8,60,Sunny,34.2,52.7,2958,8.3,Dry,Daylight,Low,43.9,6.0,15.0,Yes,No,No,Yes,No,2024,2,Wednesday,No,No,Morning,9,No,Yes,Yes,3,Yes,No,Low,Major,No
CHN202500878,12.961133,80.242398,Perungudi,OMR,Highway,4,23.5,60,Foggy,24.6,86.8,360,,Potholes,NightWithLights,Severe,13.6,18.8,72.0,No,No,Yes,Yes,No,2023,1,Wednesday,No,Yes,Late Night,23,No,Yes,No,8,No,Yes,High,Fatal,Yes
CHN202300879,13.074186,80.262835,Egmore,Mount Road,Service Road,1,5.0,20,Cloudy,29.0,55.4,2476,14.6,Dry,NightWithLights,Severe,8.4,20.8,74.0,No,No,No,Yes,No,2023,1,Tuesday,No,No,Late Night,23,No,No,No,4,No,No,Medium,Minor,No
CHN202500880,12.938286,80.234221,Thoraipakkam,OMR,Highway,4,16.0,60,Sunny,36.9,55.4,4237,7.3,Dry,Dusk,High,26.8,14.4,69.0,No,No,No,No,No,2022,6,Thursday,No,Yes,Evening,18,No,Yes,No,3,No,No,Low,Major,No
CHN202300881,13.04526,80.288755,Marina,Marina Beach Road,Service Road,2,5.7,20,Foggy,21.7,96.9,161,3.0,Dry,Daylight,Low,33.1,13.1,15.0,No,No,No,No,No,2023,2,Monday,No,No,Afternoon,13,No,Yes,No,3,No,No,Low,Minor,No
CHN202300882,12.936882,80.255716,Neelankarai,ECR,Highway,4,18.4,100,Sunny,34.0,50.1,2783,13.4,Damaged,Dawn,High,31.9,20.1,51.0,No,Yes,No,No,Yes,2025,8,Monday,No,No,Early Morning,5,No,Yes,Yes,9,No,Yes,High,Fatal,Yes
CHN202200883,13.144531,80.229591,Madhavaram,Madhavaram High Road,Junction,4,12.4,30,Sunny,30.8,55.1,3305,11.1,Potholes,Dawn,Medium,35.1,6.4,43.0,No,No,No,No,No,2023,12,Friday,No,No,Early Morning,5,No,No,No,5,No,No,Low,Minor,No
CHN202200884,13.146488,80.231866,Madhavaram,Madhavaram High Road,Arterial,4,13.2,60,Rainy,28.2,85.3,1009,18.8,Potholes,Daylight,Medium,32.7,9.0,33.0,No,No,No,No,No,2024,12,Friday,No,No,Morning,10,No,Yes,No,7,No,No,Medium,Major,No
CHN202400885,13.085309,80.207454,Anna Nagar,Anna Nagar 2nd Avenue,Flyover,4,11.1,70,Sunny,29.2,57.8,2826,9.0,Damaged,Daylight,High,19.1,8.3,62.0,No,No,No,No,No,2025,4,Tuesday,No,Yes,Afternoon,11,Yes,Yes,Yes,1,No,No,Medium,Fatal,No
CHN202400886,13.149309,80.238169,Madhavaram,Madhavaram High Road,Arterial,4,15.3,50,Rainy,28.6,92.6,953,14.3,Wet,Daylight,Medium,37.7,11.8,58.0,Yes,No,No,Yes,No,2022,8,Wednesday,No,No,Morning,6,Yes,Yes,Yes,7,Yes,No,Medium,Minor,No
CHN202300887,13.048343,80.095491,Poonamallee,Poonamallee High Road,Residential,1,7.8,40,Sunny,38.0,63.8,4004,6.4,Wet,Dusk,High,26.3,5.9,51.0,No,No,No,Yes,No,2023,9,Monday,No,No,Evening,16,No,No,No,1,No,No,Low,Minor,No
CHN202300888,12.901519,80.22195,Sholinganallur,OMR,Highway,6,14.7,60,Rainy,26.4,82.0,1123,11.7,Potholes,NightWithLights,Low,42.9,11.1,38.0,No,No,Yes,No,No,2025,6,Wednesday,No,No,Night,22,Yes,Yes,No,3,No,No,Medium,Major,No
CHN202300889,13.111593,80.091838,Avadi,Chennai Bypass Road,Highway,4,15.8,60,Sunny,32.4,64.3,4569,7.4,Damaged,Daylight,Medium,27.0,24.3,24.0,No,No,No,No,No,2023,7,Sunday,Yes,No,Afternoon,11,Yes,Yes,No,6,No,No,Low,Major,No
CHN202200890,13.111739,80.15974,Ambattur,Ambattur Industrial Estate Road,Residential,2,8.4,30,Sunny,31.8,47.8,2436,9.0,Damaged,NightWithoutLights,Low,40.5,4.8,5.0,Yes,No,No,No,No,2024,12,Sunday,Yes,No,Late Night,1,No,No,No,1,No,No,Medium,Minor,No
CHN202200891,13.120957,80.105639,Avadi,Chennai Bypass Road,Highway,8,20.3,80,Drizzle,25.1,76.6,2147,11.6,Wet,NightWithLights,Medium,44.1,19.8,18.0,No,No,Yes,Yes,Yes,2023,10,Sunday,Yes,Yes,Late Night,0,Yes,Yes,No,3,No,No,Medium,Fatal,No
CHN202300892,13.154472,80.236713,Madhavaram,Madhavaram High Road,Arterial,4,16.6,60,Cloudy,29.6,69.4,3242,11.0,Dry,NightWithLights,Low,,7.9,22.0,No,No,No,Yes,No,2025,10,Sunday,Yes,No,Night,19,No,Yes,Yes,4,No,No,Low,Major,No
CHN202300893,13.006684,80.251858,Adyar,LB Road,Arterial,4,14.6,50,Sunny,34.9,48.1,4987,6.0,Dry,NightWithLights,Medium,31.9,7.9,47.0,No,Yes,Yes,No,No,2024,5,Friday,No,No,Late Night,2,Yes,Yes,No,7,No,No,Medium,Minor,No
CHN202500894,12.785239,80.218831,Kelambakkam,OMR Service Road,Service Road,1,7.5,30,Sunny,36.0,54.9,2104,13.5,UnderConstruction,NightWithoutLights,High,23.8,17.7,69.0,Yes,Yes,Yes,No,No,2022,6,Friday,No,Yes,Night,22,No,No,Yes,2,Yes,No,Medium,Major,No
CHN202500895,13.032231,80.272329,Mylapore,Luz Church Road,Residential,1,6.2,30,Cloudy,28.9,61.2,2796,18.1,Dry,NightWithoutLights,Severe,,2.1,100.0,Yes,Yes,Yes,No,No,2024,9,Wednesday,No,No,Night,21,No,No,Yes,3,No,Yes,High,Minor,Yes
CHN202300896,12.788244,80.220845,Kelambakkam,OMR Service Road,Service Road,1,5.3,40,Cloudy,29.8,74.0,2163,8.3,Dry,NightWithLights,Medium,36.2,8.1,21.0,No,No,Yes,No,No,2025,10,Thursday,No,No,Night,19,Yes,No,No,1,No,No,Low,Minor,No
CHN202500897,13.074507,80.261085,Egmore,Mount Road,Arterial,4,15.4,60,Sunny,34.9,57.5,2592,5.4,Potholes,Dawn,Low,44.7,7.7,36.0,No,Yes,No,No,No,2023,2,Friday,No,No,Early Morning,5,Yes,No,Yes,6,No,No,Low,Major,No
CHN202300898,13.052836,80.277115,Marina,Marina Beach Road,Arterial,2,15.7,40,Sunny,31.5,60.8,3201,11.9,Dry,Dusk,Severe,6.1,6.0,62.0,No,No,No,Yes,No,2022,3,Monday,No,No,Evening,17,No,Yes,No,8,No,Yes,Medium,Minor,Yes
CHN202400899,12.933322,80.258119,Neelankarai,ECR,Service Road,2,4.5,20,Cloudy,28.8,,3882,13.4,Dry,Daylight,Medium,32.2,16.6,35.0,No,Yes,Yes,No,No,2022,3,Thursday,No,No,Evening,16,Yes,No,No,0,No,No,Low,Minor,No
CHN202200900,13.115503,80.152439,Ambattur,Ambattur Industrial Estate Road,Residential,2,8.8,40,Sunny,,51.3,2387,12.3,Dry,NightWithoutLights,Medium,37.5,6.0,43.0,Yes,No,No,No,No,2022,5,Saturday,Yes,No,Early Morning,5,No,Yes,No,3,No,No,Low,Minor,Yes
CHN202300901,13.052026,80.101733,Poonamallee,Poonamallee High Road,Service Road,2,5.5,20,Sunny,32.4,60.7,3558,11.2,Dry,NightWithLights,Medium,32.2,17.0,40.0,Yes,No,No,No,No,2025,11,Wednesday,No,Yes,Late Night,0,No,No,Yes,5,No,No,Low,Minor,Yes
CHN202500902,13.057016,80.103255,Poonamallee,Poonamallee High Road,Residential,1,5.5,30,Sunny,31.1,60.0,2967,5.9,Dry,Daylight,Medium,31.2,2.4,71.0,No,No,Yes,No,No,2024,6,Monday,No,No,Evening,16,No,No,Yes,1,No,No,Low,Minor,No
CHN202500903,13.039589,80.165908,Porur,Mount Poonamallee Road,Arterial,2,16.0,50,Cloudy,32.5,74.6,1989,17.7,Dry,Dusk,High,21.9,2.6,63.0,No,No,No,Yes,Yes,2023,5,Friday,No,No,Evening,16,Yes,Yes,No,4,No,No,Low,Minor,No
CHN202500904,13.115018,80.099987,Avadi,Chennai Bypass Road,Highway,4,22.1,80,Cloudy,31.6,70.5,2938,15.4,Dry,Dusk,Medium,30.3,12.5,53.0,No,No,Yes,No,No,2024,2,Saturday,Yes,No,Evening,17,No,Yes,No,3,No,No,Low,Major,No
CHN202500905,13.01276,80.198997,Kathipara,GST Road Flyover,Arterial,2,15.8,40,Sunny,31.3,47.1,4896,11.1,Potholes,NightWithoutLights,Low,40.6,11.5,25.0,No,No,Yes,No,No,2023,3,Wednesday,No,No,Late Night,2,Yes,No,No,4,No,No,Medium,Minor,No
CHN202500906,12.923636,80.120942,Tambaram,GST Road,Highway,6,17.7,80,Foggy,21.4,94.3,103,3.1,Dry,Daylight,High,28.9,20.9,40.0,No,No,No,Yes,No,2023,10,Tuesday,No,Yes,Evening,16,No,Yes,Yes,0,Yes,No,Medium,Fatal,Yes
CHN202500907,13.047801,80.104664,Poonamallee,Poonamallee High Road,Arterial,4,16.3,60,Sunny,33.1,57.0,3976,16.6,Dry,Daylight,Severe,11.5,8.2,83.0,No,No,No,Yes,No,2022,10,Sunday,Yes,No,Morning,9,No,Yes,No,7,No,No,Low,Minor,No
CHN202200908,13.071138,80.261867,Egmore,Mount Road,Arterial,4,12.3,50,Sunny,38.5,46.5,3376,15.3,Dry,NightWithoutLights,Low,41.7,3.4,,Yes,No,No,Yes,No,2022,5,Thursday,No,No,Late Night,1,Yes,Yes,No,2,No,No,Low,Minor,No
CHN202200909,13.150204,80.236297,Madhavaram,Madhavaram High Road,Arterial,4,15.8,40,Foggy,22.2,81.7,294,8.0,Dry,Daylight,Medium,32.4,8.1,71.0,No,,Yes,No,No,2023,8,Sunday,Yes,No,Morning,8,No,Yes,Yes,9,No,Yes,Medium,Minor,Yes
CHN202300910,13.055337,80.097056,Poonamallee,Poonamallee High Road,Arterial,4,14.9,40,Drizzle,24.6,81.9,2310,20.4,Wet,Daylight,Severe,11.6,9.4,74.0,No,No,Yes,No,No,2024,8,Friday,No,No,Evening,16,No,No,Yes,7,No,No,Medium,Major,No
CHN202500911,13.11285,80.235074,Perambur,Paper Mills Road,Residential,2,6.6,30,Sunny,33.4,64.9,4322,12.2,Dry,NightWithoutLights,Severe,11.5,6.0,82.0,No,No,Yes,No,No,2023,5,Saturday,Yes,No,Night,22,No,No,Yes,1,No,No,Medium,Minor,No
CHN202300912,13.075403,80.192095,Koyambedu,Poonamallee High Road,Junction,2,19.2,40,Rainy,29.4,91.9,842,13.2,Damaged,Dawn,Medium,32.8,11.1,32.0,Yes,No,No,No,No,2024,4,Sunday,Yes,No,Early Morning,5,No,No,Yes,5,No,No,High,Minor,Yes
CHN202500913,13.049445,80.215083,Vadapalani,Arcot Road,Arterial,2,11.8,60,Rainy,27.0,83.2,1330,13.9,Wet,NightWithoutLights,Severe,4.0,9.0,71.0,No,No,No,No,No,2025,1,Tuesday,No,Yes,Early Morning,4,No,Yes,Yes,4,No,No,High,Major,No
CHN202300914,13.105393,80.245713,Perambur,Paper Mills Road,Arterial,4,13.3,60,Rainy,27.6,93.2,455,25.7,Damaged,Daylight,High,19.6,10.8,53.0,No,No,Yes,Yes,No,2023,8,Wednesday,No,No,Morning,9,No,Yes,No,7,No,No,High,Major,Yes
CHN202200915,13.030701,80.266344,Mylapore,Luz Church Road,Residential,1,8.5,40,Foggy,24.5,85.0,76,5.9,Potholes,Dawn,Severe,20.6,11.2,80.0,No,No,Yes,Yes,No,2022,10,Saturday,Yes,No,Early Morning,5,No,No,Yes,2,Yes,No,Medium,Minor,No
CHN202200916,12.960302,80.246251,Perungudi,OMR,Highway,8,22.9,80,Sunny,36.3,57.8,3411,11.2,Dry,Daylight,Medium,35.8,11.5,44.0,No,No,Yes,Yes,Yes,2022,7,Monday,No,No,Morning,7,No,Yes,Yes,3,No,No,Low,Major,No
CHN202200917,12.948363,80.143414,Chrompet,GST Road,Arterial,4,11.4,60,Drizzle,26.5,85.8,921,16.7,Wet,Dusk,Medium,38.8,3.0,43.0,No,No,No,No,No,2023,1,Friday,No,No,Evening,16,No,Yes,No,8,No,Yes,Medium,Major,Yes
CHN202200918,13.041394,80.157069,Porur,Mount Poonamallee Road,Arterial,2,14.4,40,Sunny,33.2,45.3,3531,17.9,Dry,Daylight,Severe,10.9,6.0,87.0,No,No,Yes,No,No,2025,4,Monday,No,No,Afternoon,12,No,No,Yes,8,No,No,Medium,Minor,No
CHN202400919,13.145844,80.225339,Madhavaram,Madhavaram High Road,Residential,1,5.7,30,Rainy,27.9,82.1,741,21.0,Wet,Dawn,High,11.6,6.5,42.0,No,No,No,Yes,No,2023,6,Sunday,Yes,No,Early Morning,5,No,Yes,Yes,3,No,No,Low,Minor,No
CHN202500920,13.036975,80.236774,T Nagar,Anna Salai,Flyover,2,8.2,60,Sunny,36.8,62.9,2383,16.0,Damaged,NightWithoutLights,Low,47.3,7.8,8.0,No,No,No,No,No,2022,1,Sunday,Yes,No,Early Morning,4,Yes,Yes,Yes,1,No,No,Low,Minor,No
CHN202300921,12.920167,80.249625,Injambakkam,ECR,Highway,4,22.0,60,Rainy,25.2,84.1,1276,11.3,Potholes,NightWithLights,High,18.5,16.7,60.0,No,No,Yes,Yes,No,2022,4,Saturday,Yes,No,Night,22,No,Yes,No,6,No,No,High,Major,No
CHN202200922,12.973815,80.222401,Velachery,Velachery Main Road,Arterial,4,13.6,50,Drizzle,24.8,85.9,2167,21.9,Wet,NightWithLights,Severe,20.8,9.5,89.0,No,No,Yes,No,No,2022,10,Wednesday,No,Yes,Late Night,23,No,Yes,No,9,No,Yes,High,Major,Yes
CHN202200923,13.007603,80.254138,Adyar,LB Road,Residential,2,7.9,20,Sunny,38.7,53.6,2667,17.9,Dry,Daylight,High,20.4,8.5,85.0,Yes,Yes,No,No,No,2023,3,Sunday,Yes,No,Morning,8,No,No,No,3,No,No,Low,Minor,No
CHN202400924,13.051613,80.212456,Vadapalani,Arcot Road,Arterial,2,14.7,40,Rainy,25.9,90.0,1470,18.3,Dry,NightWithLights,High,19.8,9.1,64.0,No,No,No,Yes,Yes,2025,1,Tuesday,No,No,Late Night,0,No,No,No,4,No,No,Medium,Minor,No
CHN202500925,13.053537,80.216268,Vadapalani,Arcot Road,Arterial,4,15.3,60,Cloudy,30.0,71.7,3373,9.5,Dry,Daylight,Severe,6.0,2.6,65.0,No,No,No,No,No,2024,1,Friday,No,No,Afternoon,11,No,Yes,Yes,5,No,No,Low,Minor,No
CHN202500926,13.048965,80.2823,Marina,Marina Beach Road,Service Road,2,6.6,20,Drizzle,26.0,74.7,1453,16.6,Damaged,NightWithoutLights,Severe,13.3,24.1,80.0,No,No,Yes,Yes,No,2024,6,Sunday,Yes,No,Early Morning,4,No,No,No,3,Yes,No,High,Major,No
CHN202200927,13.084497,80.209401,Anna Nagar,Anna Nagar 2nd Avenue,Residential,2,6.7,40,Cloudy,31.9,62.2,2429,13.2,Dry,NightWithoutLights,Low,50.3,2.6,22.0,Yes,No,No,Yes,No,2024,1,Friday,No,No,Night,21,Yes,Yes,No,0,No,No,Low,Minor,No
CHN202500928,13.04019,80.236768,T Nagar,Anna Salai,Arterial,2,17.2,60,Sunny,35.6,58.6,4898,11.3,Dry,Dawn,High,16.1,7.2,80.0,No,No,Yes,No,No,2023,11,Thursday,No,Yes,Early Morning,5,Yes,Yes,Yes,8,No,Yes,High,Major,Yes
CHN202500929,13.008944,80.203002,Kathipara,GST Road Flyover,Flyover,4,9.3,60,Sunny,34.4,57.4,3948,7.2,Wet,Daylight,High,16.4,12.0,60.0,No,No,Yes,No,No,2022,10,Tuesday,No,Yes,Afternoon,11,No,No,Yes,0,No,No,Low,Fatal,No
CHN202300930,12.925184,80.128778,Tambaram,GST Road,Highway,4,17.4,80,Sunny,29.1,53.9,3583,10.8,Dry,Daylight,High,14.8,6.8,100.0,Yes,No,Yes,Yes,No,2022,11,Friday,No,Yes,Afternoon,14,No,Yes,Yes,8,No,No,Low,Major,No
CHN202300931,12.920174,80.129542,Tambaram,GST Road,Residential,1,5.7,20,Drizzle,28.9,78.8,1706,11.0,Wet,NightWithoutLights,Severe,21.0,8.0,63.0,Yes,No,No,Yes,No,2023,9,Tuesday,No,No,Late Night,3,No,No,No,3,No,No,Medium,Minor,No
CHN202300932,12.976492,80.219739,Velachery,Velachery Main Road,Arterial,4,16.0,50,Sunny,31.7,62.7,3761,10.3,Potholes,NightWithLights,Medium,24.1,6.3,51.0,No,Yes,No,No,No,2023,3,Saturday,Yes,No,Late Night,1,Yes,Yes,Yes,7,No,No,High,Major,Yes
CHN202200933,12.788745,80.220368,Kelambakkam,OMR Service Road,Service Road,2,7.8,20,Cloudy,33.3,57.0,2243,19.5,Dry,Dawn,Severe,18.4,23.9,46.0,No,No,No,Yes,No,2022,7,Saturday,Yes,No,Early Morning,5,No,No,Yes,7,No,No,Low,Minor,No
CHN202300934,13.113516,80.095869,Avadi,Chennai Bypass Road,Service Road,2,4.4,30,Sunny,37.2,49.5,3120,13.8,Dry,NightWithLights,High,22.5,,71.0,Yes,Yes,No,Yes,No,2024,11,Sunday,Yes,Yes,Late Night,23,No,No,No,1,No,No,Low,Minor,No
CHN202500935,12.938136,80.236729,Thoraipakkam,OMR,Highway,6,15.3,100,Sunny,35.1,54.3,3404,15.1,Dry,Dawn,High,30.6,6.7,85.0,No,Yes,Yes,No,No,2022,7,Sunday,Yes,No,Early Morning,4,No,No,No,10,No,Yes,High,Fatal,Yes
CHN202300936,12.939271,80.235109,Thoraipakkam,OMR,Highway,8,19.4,80,Foggy,20.8,85.2,147,9.5,Potholes,Dusk,Medium,31.9,23.2,35.0,No,Yes,No,No,No,2024,6,Saturday,Yes,No,Evening,17,No,Yes,No,3,No,No,High,Fatal,No
CHN202400937,13.036219,80.269347,Mylapore,Luz Church Road,Residential,1,8.9,20,Rainy,,90.4,702,13.7,Wet,Daylight,Medium,35.9,3.3,47.0,No,No,Yes,Yes,No,2024,10,Monday,No,No,Evening,18,Yes,No,No,2,No,No,Low,Minor,No
CHN202400938,13.047306,80.233105,T Nagar,Anna Salai,Arterial,4,17.8,60,Sunny,35.4,58.9,4314,6.5,Dry,Dawn,Severe,5.2,8.9,88.0,Yes,No,Yes,Yes,No,2022,5,Friday,No,No,Early Morning,4,Yes,Yes,Yes,9,No,No,Medium,Major,Yes
CHN202400939,13.04353,80.152402,Porur,Mount Poonamallee Road,Arterial,4,17.1,50,Foggy,25.1,97.1,176,3.7,Potholes,Daylight,Low,34.5,4.9,10.0,No,No,No,Yes,Yes,2024,7,Thursday,No,No,Afternoon,14,Yes,No,Yes,4,No,No,Medium,Minor,No
CHN202500940,13.070249,80.259064,Egmore,Mount Road,Arterial,4,13.8,50,Sunny,33.2,59.0,3572,16.3,Damaged,NightWithLights,Low,49.9,2.3,24.0,No,No,Yes,No,No,2025,1,Thursday,No,Yes,Night,20,No,No,Yes,4,No,No,Medium,Major,No
CHN202200941,13.121014,80.09332,Avadi,Chennai Bypass Road,Highway,6,19.3,80,Cloudy,27.7,60.2,2328,16.5,Dry,NightWithLights,High,22.4,9.0,66.0,Yes,No,No,No,No,2025,10,Sunday,Yes,Yes,Late Night,0,No,Yes,No,2,No,No,High,Fatal,No
CHN202400942,12.791265,80.218798,Kelambakkam,OMR Service Road,Service Road,1,5.2,20,Rainy,25.2,76.2,304,20.5,Wet,Daylight,Severe,6.0,22.2,84.0,No,No,Yes,No,No,2022,4,Thursday,No,Yes,Evening,17,No,No,No,8,No,Yes,High,Minor,Yes
CHN202200943,12.790554,80.217399,Kelambakkam,OMR Service Road,Junction,2,10.3,50,Sunny,35.6,53.7,2129,7.1,Dry,NightWithoutLights,High,28.0,8.0,,No,No,Yes,Yes,No,2022,7,Wednesday,No,No,Late Night,0,No,Yes,Yes,12,No,No,High,Minor,Yes
CHN202300944,12.906872,80.228592,Sholinganallur,OMR,Highway,4,20.6,100,Sunny,29.2,46.5,2004,17.1,Dry,Daylight,Medium,28.5,18.0,46.0,No,No,No,Yes,No,2024,12,Wednesday,No,No,Morning,8,No,Yes,Yes,4,No,No,Low,Major,No
CHN202400945,12.925094,80.129155,Tambaram,GST Road,Highway,8,21.9,100,Sunny,30.7,56.7,2569,8.5,Dry,NightWithLights,Medium,23.6,19.9,28.0,No,No,No,Yes,No,2024,4,Tuesday,No,No,Late Night,1,No,Yes,No,4,No,No,Medium,Fatal,No
CHN202200946,12.939477,80.257401,Neelankarai,ECR,Junction,6,16.7,30,Sunny,35.0,61.7,4900,5.9,Dry,Daylight,Severe,19.8,6.0,55.0,No,No,No,No,No,2025,5,Friday,No,No,Afternoon,12,No,No,Yes,10,No,Yes,Medium,Minor,Yes
CHN202400947,13.118062,80.236774,Perambur,Paper Mills Road,Arterial,2,12.3,40,Sunny,30.7,59.5,4418,7.4,Wet,Daylight,Low,47.3,4.0,20.0,No,No,Yes,Yes,No,2022,10,Sunday,Yes,Yes,Morning,10,Yes,Yes,Yes,4,No,No,Low,Minor,No
CHN202500948,12.976762,80.221661,Velachery,Velachery Main Road,Service Road,2,7.4,30,Drizzle,27.9,80.4,1902,19.5,Damaged,Daylight,Low,41.3,16.3,16.0,No,No,No,Yes,No,2024,4,Friday,No,No,Morning,9,No,No,Yes,2,No,No,Low,Minor,No
CHN202200949,13.117087,80.158301,Ambattur,Ambattur Industrial Estate Road,Residential,2,8.4,20,Sunny,35.0,54.4,2773,17.3,Dry,Daylight,High,17.7,6.1,49.0,No,No,No,No,No,2023,1,Friday,No,Yes,Morning,6,No,No,No,5,No,No,Low,Minor,No
CHN202200950,13.119527,80.155701,Ambattur,Ambattur Industrial Estate Road,Junction,2,17.8,40,Rainy,26.0,85.5,1002,17.5,Wet,NightWithoutLights,Medium,33.3,10.0,33.0,No,No,No,No,No,2022,12,Wednesday,No,No,Night,19,No,Yes,No,8,No,Yes,High,Major,Yes
CHN202300951,12.943891,80.239577,Thoraipakkam,OMR,Highway,6,15.8,100,Rainy,25.0,90.2,1093,29.6,Damaged,Daylight,Medium,29.4,10.7,48.0,No,No,Yes,Yes,No,2023,10,Friday,No,No,Morning,9,No,No,Yes,3,No,No,High,Fatal,No
CHN202400952,13.113152,80.153459,Ambattur,Ambattur Industrial Estate Road,Residential,2,8.1,30,Cloudy,33.7,70.4,2334,18.2,Dry,Daylight,Low,41.7,2.6,24.0,No,No,Yes,No,No,2025,9,Saturday,Yes,No,Morning,8,No,No,Yes,0,No,No,Low,Minor,No
CHN202300953,13.068795,80.261239,Egmore,Mount Road,Arterial,4,12.5,40,Sunny,34.6,52.0,3204,14.3,Potholes,Daylight,Medium,29.1,3.1,47.0,No,No,Yes,Yes,No,2025,11,Friday,No,No,Morning,9,No,Yes,No,6,No,No,Low,Minor,Yes
CHN202200954,13.07498,80.259589,Egmore,Mount Road,Highway,4,21.7,60,Rainy,25.8,82.1,1076,11.6,Damaged,Dawn,Medium,34.4,12.4,65.0,Yes,Yes,Yes,No,No,2025,5,Tuesday,No,Yes,Early Morning,5,No,Yes,No,4,No,No,High,Fatal,Yes
CHN202400955,13.052318,80.101232,Poonamallee,Poonamallee High Road,Arterial,2,10.7,60,Sunny,38.4,54.9,4074,15.8,Potholes,Dusk,High,29.5,11.6,44.0,No,No,No,Yes,No,2024,2,Monday,No,No,Evening,16,No,Yes,Yes,5,No,No,Medium,Minor,No
CHN202300956,13.017078,80.195574,Kathipara,GST Road Flyover,Flyover,2,10.6,60,Sunny,29.6,58.3,2062,8.9,Wet,NightWithLights,High,16.4,3.3,61.0,No,No,No,No,No,2022,1,Monday,No,Yes,Late Night,23,No,No,Yes,6,Yes,No,High,Fatal,No
CHN202200957,13.064552,80.189982,Koyambedu,Poonamallee High Road,Flyover,4,9.3,70,Sunny,37.6,54.6,3872,16.1,Dry,NightWithLights,Low,38.3,6.3,15.0,Yes,No,No,No,Yes,2024,11,Friday,No,No,Night,21,No,No,Yes,0,Yes,No,Medium,Major,No
CHN202400958,13.048318,80.229019,T Nagar,Anna Salai,Junction,4,16.3,40,Sunny,29.1,48.8,4532,13.0,Dry,Daylight,Severe,8.0,2.7,57.0,No,No,No,No,No,2024,11,Monday,No,Yes,Morning,10,No,No,Yes,9,No,No,Medium,Minor,No
CHN202400959,12.914318,80.260104,Injambakkam,ECR,Flyover,2,11.3,60,Sunny,31.6,59.2,4014,15.2,Dry,Dawn,Low,44.1,7.7,4.0,No,No,No,No,No,2025,10,Wednesday,No,No,Early Morning,5,No,No,No,3,No,No,Low,Minor,No
CHN202300960,13.118008,80.153015,Ambattur,Ambattur Industrial Estate Road,Junction,4,16.8,30,Foggy,21.7,93.0,88,6.4,Dry,NightWithoutLights,Severe,15.1,9.3,73.0,No,No,Yes,No,No,2024,8,Monday,No,No,Night,19,No,No,No,8,No,No,High,Minor,Yes
CHN202200961,12.784271,80.216642,Kelambakkam,OMR Service Road,Service Road,2,6.7,40,Sunny,33.3,46.6,3215,12.3,Dry,Daylight,High,12.4,6.7,70.0,No,No,Yes,No,No,2023,12,Sunday,Yes,No,Afternoon,15,No,Yes,Yes,5,No,No,Low,Minor,No
CHN202300962,13.109418,80.2328,Perambur,Paper Mills Road,Junction,4,15.3,30,Cloudy,27.8,65.7,3628,14.2,Dry,NightWithoutLights,Medium,26.9,2.8,49.0,No,Yes,Yes,Yes,No,2025,3,Tuesday,No,No,Early Morning,4,No,No,No,7,No,No,Low,Minor,No
CHN202400963,12.952033,80.148022,Chrompet,GST Road,Arterial,4,12.0,40,Drizzle,27.5,81.7,1366,21.9,Wet,Dawn,Medium,33.3,8.5,31.0,Yes,No,Yes,Yes,Yes,2022,2,Saturday,Yes,No,Early Morning,4,No,Yes,Yes,5,Yes,No,Medium,Minor,No
CHN202300964,13.00491,80.252051,Adyar,LB Road,Arterial,4,13.6,40,Sunny,39.0,58.3,2164,15.0,Dry,Daylight,Low,42.9,8.3,38.0,No,Yes,Yes,Yes,No,2022,12,Wednesday,No,No,Afternoon,14,Yes,No,No,1,No,No,Low,Minor,No
CHN202200965,12.917444,80.258736,Injambakkam,ECR,Highway,6,14.4,60,Drizzle,26.8,71.4,1297,10.6,Potholes,Dawn,Severe,4.0,23.0,95.0,No,Yes,Yes,Yes,No,2025,10,Sunday,Yes,Yes,Early Morning,4,No,Yes,No,3,Yes,No,High,Major,Yes
CHN202300966,13.046397,80.212046,Vadapalani,Arcot Road,Arterial,4,13.4,60,Sunny,30.4,56.6,4226,11.5,Damaged,Daylight,High,16.6,2.2,49.0,No,No,No,No,No,2024,11,Sunday,Yes,No,Morning,10,No,Yes,No,5,No,No,Medium,Major,No
CHN202300967,12.930777,80.258258,Neelankarai,ECR,Arterial,2,12.2,50,Sunny,36.2,48.2,4793,16.2,Dry,NightWithoutLights,High,22.7,7.0,67.0,Yes,No,No,Yes,No,2022,10,Wednesday,No,Yes,Late Night,3,Yes,No,Yes,6,No,No,High,Major,Yes
CHN202400968,13.087555,80.206765,Anna Nagar,Anna Nagar 2nd Avenue,Flyover,2,10.5,70,Foggy,22.1,92.1,110,9.2,Dry,NightWithLights,High,21.6,10.3,78.0,No,No,Yes,No,No,2023,12,Sunday,Yes,No,Late Night,2,No,No,Yes,4,No,No,High,Fatal,No
CHN202400969,13.013636,80.199245,Kathipara,GST Road Flyover,Flyover,4,10.0,70,Cloudy,33.7,72.4,1779,14.8,Wet,Daylight,Medium,30.2,3.6,54.0,Yes,No,No,No,No,2023,4,Tuesday,No,No,Morning,10,No,Yes,No,4,No,No,Low,Major,No
CHN202200970,13.081008,80.209663,Anna Nagar,Anna Nagar 2nd Avenue,Residential,2,8.9,30,Sunny,32.5,55.2,2901,12.9,Dry,NightWithoutLights,Medium,35.7,10.4,51.0,No,No,No,Yes,No,2024,10,Wednesday,No,No,Early Morning,5,No,No,Yes,3,No,No,Low,Minor,No
CHN202300971,12.890674,80.227229,Sholinganallur,OMR,Arterial,2,15.9,40,Rainy,24.5,77.8,1421,15.6,Wet,Dusk,Severe,14.9,2.3,77.0,No,No,No,No,No,2025,11,Sunday,Yes,Yes,Evening,16,No,No,No,6,Yes,Yes,High,Minor,Yes
CHN202200972,12.790114,80.217004,Kelambakkam,OMR Service Road,Service Road,1,5.5,30,Drizzle,27.1,79.1,1746,14.6,Wet,Dusk,Low,43.5,20.9,17.0,No,No,No,No,No,2024,5,Saturday,Yes,No,Evening,18,No,No,Yes,1,No,No,Low,Minor,No
CHN202500973,13.045879,80.237929,T Nagar,Anna Salai,Arterial,2,15.1,50,Sunny,33.1,55.2,3857,6.9,Damaged,Daylight,High,18.0,,52.0,No,No,No,No,No,2022,6,Tuesday,No,No,Evening,16,No,Yes,No,6,Yes,No,Medium,Minor,No
CHN202300974,12.918548,80.12394,Tambaram,GST Road,Residential,2,8.1,20,Sunny,31.8,49.5,2047,15.8,Dry,Dusk,Medium,31.4,9.0,37.0,Yes,No,No,Yes,Yes,2024,7,Monday,No,No,Evening,17,No,No,No,1,Yes,No,Low,Minor,No
CHN202500975,13.039453,80.233557,T Nagar,Anna Salai,Highway,6,23.9,80,Rainy,27.8,91.1,768,18.7,Wet,NightWithLights,Medium,31.4,20.6,34.0,No,No,Yes,No,No,2024,8,Sunday,Yes,No,Night,20,No,Yes,No,5,Yes,No,High,Fatal,No
CHN202400976,12.945305,80.244471,Thoraipakkam,OMR,Arterial,4,12.4,60,Rainy,26.9,77.5,858,27.9,Wet,Dusk,Medium,28.0,7.4,45.0,No,No,Yes,Yes,No,2025,6,Wednesday,No,No,Evening,18,No,No,No,3,No,No,Medium,Minor,No
CHN202300977,12.921404,80.128707,Tambaram,GST Road,Residential,1,6.4,40,Sunny,34.4,46.2,3870,12.4,Dry,NightWithLights,Low,46.9,10.4,40.0,No,No,Yes,No,No,2023,1,Saturday,Yes,No,Night,21,No,No,Yes,1,No,Yes,Low,Major,Yes
CHN202300978,12.902721,80.225405,Sholinganallur,OMR,Highway,8,17.0,100,Sunny,30.8,48.0,4821,5.3,Dry,NightWithoutLights,Severe,11.1,24.8,95.0,No,Yes,Yes,No,No,2025,5,Saturday,Yes,No,Late Night,0,No,Yes,Yes,8,No,Yes,High,Fatal,Yes
CHN202200979,13.067189,80.197501,Koyambedu,Poonamallee High Road,Flyover,2,12.9,80,Cloudy,27.6,63.0,2871,16.9,Dry,NightWithLights,Low,45.9,10.6,24.0,No,Yes,No,No,No,2025,12,Thursday,No,No,Late Night,3,No,Yes,Yes,1,No,No,Low,Major,No
CHN202200980,12.933189,80.252607,Neelankarai,ECR,Service Road,2,4.1,20,Sunny,30.1,49.4,2073,14.1,Dry,Daylight,High,20.2,22.6,48.0,No,No,No,Yes,No,2022,8,Tuesday,No,No,Afternoon,15,No,No,Yes,7,No,No,Low,Minor,No
CHN202300981,13.086627,80.210894,Anna Nagar,Anna Nagar 2nd Avenue,Residential,1,6.4,30,Cloudy,28.7,69.6,3523,15.7,Potholes,Dawn,Severe,10.2,4.4,83.0,No,No,No,No,No,2025,11,Monday,No,No,Early Morning,5,No,No,Yes,2,No,No,Medium,Minor,No
CHN202400982,13.09021,80.217354,Anna Nagar,Anna Nagar 2nd Avenue,Residential,2,8.4,30,Rainy,,82.5,822,26.0,Damaged,NightWithLights,Medium,,8.2,46.0,No,No,Yes,No,No,2023,12,Friday,No,No,Night,22,Yes,No,Yes,0,No,No,High,Minor,No
CHN202500983,13.057187,80.096327,Poonamallee,Poonamallee High Road,Arterial,2,14.0,40,Sunny,37.4,45.8,2754,15.7,Dry,NightWithoutLights,Severe,12.0,4.8,90.0,No,Yes,No,No,No,2022,2,Wednesday,No,No,Early Morning,4,Yes,Yes,No,12,No,Yes,Medium,Minor,Yes
CHN202500984,13.003402,80.202778,Kathipara,GST Road Flyover,Flyover,2,10.5,60,Sunny,31.6,45.4,2902,11.1,Potholes,Dusk,Medium,27.4,9.6,29.0,No,No,Yes,No,No,2022,2,Monday,No,Yes,Evening,18,No,No,No,3,No,No,Low,Major,No
CHN202400985,12.961875,80.237066,Perungudi,OMR,Highway,6,17.3,60,Sunny,29.5,52.7,2297,11.0,Damaged,NightWithoutLights,High,20.7,13.4,51.0,No,Yes,No,No,No,2025,2,Wednesday,No,No,Late Night,23,No,No,Yes,6,No,No,Medium,Fatal,No
CHN202400986,12.903913,80.232406,Sholinganallur,OMR,Arterial,4,13.9,40,Drizzle,24.2,79.9,1173,21.1,Wet,NightWithoutLights,Severe,5.0,10.1,81.0,Yes,No,Yes,No,No,2022,12,Wednesday,No,No,Early Morning,5,No,No,Yes,9,No,No,Medium,Minor,No
CHN202500987,13.153541,80.231331,Madhavaram,Madhavaram High Road,Arterial,4,17.5,60,Rainy,24.7,94.7,712,22.7,Wet,NightWithLights,Severe,6.6,9.8,87.0,No,No,No,No,No,2025,5,Wednesday,No,Yes,Late Night,3,No,Yes,Yes,10,No,Yes,High,Major,Yes
CHN202200988,13.082443,80.209337,Anna Nagar,Anna Nagar 2nd Avenue,Residential,2,5.5,40,Sunny,36.3,48.4,2942,11.4,Dry,Daylight,Medium,39.6,7.8,43.0,No,Yes,No,No,No,2025,7,Tuesday,No,No,Afternoon,11,Yes,No,Yes,3,Yes,No,Low,Minor,No
CHN202200989,12.912912,80.253815,Injambakkam,ECR,Highway,8,20.1,100,Sunny,33.4,58.6,3223,9.5,Wet,Daylight,High,20.1,14.1,71.0,No,Yes,No,No,No,2024,7,Tuesday,No,No,Morning,6,Yes,Yes,Yes,7,No,No,Medium,Major,No
CHN202400990,12.905559,80.23197,Sholinganallur,OMR,Highway,8,19.6,80,Sunny,38.2,63.9,2770,10.7,Dry,NightWithLights,Medium,34.5,10.2,27.0,No,No,No,No,No,2023,3,Friday,No,No,Night,19,No,Yes,Yes,4,No,No,Medium,Major,No
CHN202200991,12.982011,80.218938,Velachery,Velachery Main Road,Arterial,4,16.4,50,Sunny,30.5,58.5,3334,6.7,Dry,NightWithLights,Medium,26.9,6.2,32.0,No,No,No,No,No,2025,11,Thursday,No,No,Night,20,No,Yes,Yes,4,No,No,Low,Minor,No
CHN202200992,12.928377,80.125241,Tambaram,GST Road,Highway,4,14.8,60,Cloudy,27.6,63.3,3244,18.6,Dry,Daylight,Medium,34.9,24.2,38.0,No,No,Yes,Yes,No,2025,12,Sunday,Yes,No,Morning,10,Yes,No,No,2,No,No,Low,Major,No
CHN202400993,13.009395,80.252686,Adyar,LB Road,Arterial,4,15.8,50,Sunny,36.5,59.4,4076,5.1,Dry,Dusk,High,24.8,4.2,75.0,No,No,Yes,Yes,No,2024,10,Saturday,Yes,No,Evening,16,Yes,Yes,Yes,4,No,No,Low,Minor,No
CHN202400994,13.046871,80.097646,Poonamallee,Poonamallee High Road,Arterial,4,14.6,50,Sunny,37.7,52.0,2807,10.1,Dry,NightWithoutLights,High,20.9,11.1,69.0,Yes,No,Yes,No,No,2025,8,Sunday,Yes,No,Night,19,No,No,Yes,7,No,No,Medium,Major,No
CHN202300995,13.050392,80.105746,Poonamallee,Poonamallee High Road,Arterial,4,10.4,40,Rainy,29.4,89.2,590,15.4,UnderConstruction,Daylight,Medium,39.1,2.4,41.0,No,No,Yes,No,No,2024,6,Monday,No,No,Evening,18,No,Yes,No,12,Yes,Yes,High,Minor,Yes
CHN202500996,13.032829,80.257905,Mylapore,Luz Church Road,Highway,4,20.0,80,Cloudy,28.9,70.9,3483,12.3,Dry,Dusk,High,17.7,19.3,92.0,Yes,No,Yes,No,No,2022,5,Saturday,Yes,No,Evening,17,No,Yes,No,3,No,No,Low,Major,No
CHN202300997,13.15054,80.243862,Madhavaram,Madhavaram High Road,Arterial,4,14.0,60,Rainy,24.7,76.7,1423,28.5,Wet,Daylight,Medium,27.8,6.6,43.0,No,No,Yes,Yes,No,2024,4,Saturday,Yes,No,Morning,9,No,Yes,Yes,6,No,No,High,Minor,No
CHN202400998,13.081926,80.216427,Anna Nagar,Anna Nagar 2nd Avenue,Junction,2,11.3,40,Drizzle,26.8,87.4,1926,9.2,Potholes,Daylight,High,24.4,7.3,76.0,No,Yes,Yes,Yes,No,2025,7,Tuesday,No,No,Morning,10,No,No,Yes,7,No,No,Medium,Minor,No
CHN202400999,13.031708,80.270776,Mylapore,Luz Church Road,Highway,6,23.9,100,Sunny,38.2,62.7,4170,8.3,Dry,Dawn,High,10.9,22.5,68.0,Yes,No,No,No,No,2023,4,Tuesday,No,No,Early Morning,4,No,Yes,Yes,8,Yes,No,Medium,Fatal,No
CHN202201000,12.894109,80.22678,Sholinganallur,OMR,Junction,2,18.0,50,Sunny,34.0,45.6,3925,12.1,Damaged,Dusk,Severe,8.9,5.9,96.0,No,Yes,No,Yes,No,2025,2,Monday,No,No,Evening,17,No,No,No,6,No,No,Medium,Minor,No
